"../../../Engine/Plugins/2D/Paper2D/Content/PlaceholderTextures/DummySpriteTexture.ubulk" 0
"../../../Engine/Plugins/2D/Paper2D/Content/PlaceholderTextures/DummySpriteTexture.uasset" 1
"../../../Engine/Plugins/2D/Paper2D/Content/PlaceholderTextures/DummySpriteTexture.uexp" 2
"../../../Engine/Plugins/2D/Paper2D/Content/DummySprite.uasset" 3
"../../../Engine/Plugins/2D/Paper2D/Content/DummySprite.uexp" 4
"../../../Engine/Plugins/2D/Paper2D/Content/DefaultPaperTerrainMaterial.uasset" 5
"../../../Engine/Plugins/2D/Paper2D/Content/DefaultPaperTerrainMaterial.uexp" 6
"../../../Engine/Plugins/Animation/ACLPlugin/Content/ACLAnimBoneCompressionSettings.uasset" 7
"../../../Engine/Plugins/Animation/ACLPlugin/Content/ACLAnimBoneCompressionSettings.uexp" 8
"../../../Engine/Plugins/Animation/ACLPlugin/Content/ACLAnimCurveCompressionSettings.uasset" 9
"../../../Engine/Plugins/Animation/ACLPlugin/Content/ACLAnimCurveCompressionSettings.uexp" 10
"../../../Engine/Content/Animation/DefaultRecorderBoneCompression.uasset" 11
"../../../Engine/Content/Animation/DefaultRecorderBoneCompression.uexp" 12
"../../../Engine/Content/Animation/DefaultVariableFrameStrippingSettings.uasset" 13
"../../../Engine/Content/Animation/DefaultVariableFrameStrippingSettings.uexp" 14
"../../../Engine/Content/EngineFonts/Faces/DroidSansFallback.uexp" 15
"../../../Engine/Content/EngineFonts/Faces/DroidSansFallback.uasset" 16
"../../../Engine/Content/EngineFonts/Faces/DroidSansFallback.ufont" 17
"../../../Engine/Content/EngineFonts/Faces/RobotoBold.uexp" 18
"../../../Engine/Content/EngineFonts/Faces/RobotoBold.uasset" 19
"../../../Engine/Content/EngineFonts/Faces/RobotoBold.ufont" 20
"../../../Engine/Content/EngineFonts/Faces/RobotoBoldItalic.uexp" 21
"../../../Engine/Content/EngineFonts/Faces/RobotoBoldItalic.uasset" 22
"../../../Engine/Content/EngineFonts/Faces/RobotoBoldItalic.ufont" 23
"../../../Engine/Content/EngineFonts/Faces/RobotoItalic.uexp" 24
"../../../Engine/Content/EngineFonts/Faces/RobotoItalic.uasset" 25
"../../../Engine/Content/EngineFonts/Faces/RobotoItalic.ufont" 26
"../../../Engine/Content/EngineFonts/Faces/RobotoLight.uexp" 27
"../../../Engine/Content/EngineFonts/Faces/RobotoLight.uasset" 28
"../../../Engine/Content/EngineFonts/Faces/RobotoLight.ufont" 29
"../../../Engine/Content/EngineFonts/Faces/RobotoRegular.uexp" 30
"../../../Engine/Content/EngineFonts/Faces/RobotoRegular.uasset" 31
"../../../Engine/Content/EngineFonts/Faces/RobotoRegular.ufont" 32
"../../../Engine/Content/EngineFonts/Roboto.uasset" 33
"../../../Engine/Content/EngineFonts/Roboto.uexp" 34
"../../../Engine/Content/EngineMaterials/DefaultDestructiblePhysicalMaterial.uasset" 35
"../../../Engine/Content/EngineMaterials/DefaultDestructiblePhysicalMaterial.uexp" 36
"../../../Engine/Content/EngineMaterials/DefaultPhysicalMaterial.uasset" 37
"../../../Engine/Content/EngineMaterials/DefaultPhysicalMaterial.uexp" 38
"../../../Engine/Content/EngineSounds/Master.uasset" 39
"../../../Engine/Content/EngineSounds/Master.uexp" 40
"../../../Engine/Plugins/Animation/ControlRig/Content/Controls/DefaultGizmoLibraryNormalized.uasset" 41
"../../../Engine/Plugins/Animation/ControlRig/Content/Controls/DefaultGizmoLibraryNormalized.uexp" 42
"../../../Engine/Content/Functions/Engine_MaterialFunctions02/WorldPositionOffset/CameraOffset.uasset" 43
"../../../Engine/Content/Functions/Engine_MaterialFunctions02/WorldPositionOffset/CameraOffset.uexp" 44
"../../../Engine/Plugins/Animation/ControlRig/Content/M_Manip.uasset" 45
"../../../Engine/Plugins/Animation/ControlRig/Content/M_Manip.uexp" 46
"../../../Engine/Plugins/Animation/ControlRig/Content/Controls/ControlRigGizmoMaterial.uasset" 47
"../../../Engine/Plugins/Animation/ControlRig/Content/Controls/ControlRigGizmoMaterial.uexp" 48
"../../../Engine/Plugins/Animation/ControlRig/Content/Controls/ControlRigXRayMaterial.uasset" 49
"../../../Engine/Plugins/Animation/ControlRig/Content/Controls/ControlRigXRayMaterial.uexp" 50
"../../../Engine/Content/EngineMaterials/T_Default_Material_Grid_M.ubulk" 51
"../../../Engine/Content/EngineMaterials/T_Default_Material_Grid_M.uasset" 52
"../../../Engine/Content/EngineMaterials/T_Default_Material_Grid_M.uexp" 53
"../../../Engine/Content/EngineMaterials/T_Default_Material_Grid_N.ubulk" 54
"../../../Engine/Content/EngineMaterials/T_Default_Material_Grid_N.uasset" 55
"../../../Engine/Content/EngineMaterials/T_Default_Material_Grid_N.uexp" 56
"../../../Engine/Content/Functions/Engine_MaterialFunctions01/Opacity/CameraDepthFade.uasset" 57
"../../../Engine/Content/Functions/Engine_MaterialFunctions01/Opacity/CameraDepthFade.uexp" 58
"../../../Engine/Content/EngineMaterials/WorldGridMaterial.uasset" 59
"../../../Engine/Content/EngineMaterials/WorldGridMaterial.uexp" 60
"../../../Engine/Plugins/Animation/ControlRig/Content/Controls/ControlRig_Arrow2_1mm.ubulk" 61
"../../../Engine/Plugins/Animation/ControlRig/Content/Controls/ControlRig_Arrow2_1mm.uasset" 62
"../../../Engine/Plugins/Animation/ControlRig/Content/Controls/ControlRig_Arrow2_1mm.uexp" 63
"../../../Engine/Content/EngineResources/Black.uasset" 64
"../../../Engine/Content/EngineResources/Black.uexp" 65
"../../../Engine/Plugins/Animation/ControlRig/Content/Controls/ControlRig_Arrow2_3mm.ubulk" 66
"../../../Engine/Plugins/Animation/ControlRig/Content/Controls/ControlRig_Arrow2_3mm.uasset" 67
"../../../Engine/Plugins/Animation/ControlRig/Content/Controls/ControlRig_Arrow2_3mm.uexp" 68
"../../../Engine/Plugins/Animation/ControlRig/Content/Controls/ControlRig_Arrow2_solid.ubulk" 69
"../../../Engine/Plugins/Animation/ControlRig/Content/Controls/ControlRig_Arrow2_solid.uasset" 70
"../../../Engine/Plugins/Animation/ControlRig/Content/Controls/ControlRig_Arrow2_solid.uexp" 71
"../../../Engine/Content/EditorResources/BSPVertex.uasset" 72
"../../../Engine/Content/EditorResources/BSPVertex.uexp" 73
"../../../Engine/Plugins/Animation/ControlRig/Content/Controls/ControlRig_Arrow4_1mm.ubulk" 74
"../../../Engine/Plugins/Animation/ControlRig/Content/Controls/ControlRig_Arrow4_1mm.uasset" 75
"../../../Engine/Plugins/Animation/ControlRig/Content/Controls/ControlRig_Arrow4_1mm.uexp" 76
"../../../Engine/Plugins/Animation/ControlRig/Content/Controls/ControlRig_Arrow4_3mm.ubulk" 77
"../../../Engine/Plugins/Animation/ControlRig/Content/Controls/ControlRig_Arrow4_3mm.uasset" 78
"../../../Engine/Plugins/Animation/ControlRig/Content/Controls/ControlRig_Arrow4_3mm.uexp" 79
"../../../Engine/Plugins/Animation/ControlRig/Content/Controls/ControlRig_Arrow4_solid.ubulk" 80
"../../../Engine/Plugins/Animation/ControlRig/Content/Controls/ControlRig_Arrow4_solid.uasset" 81
"../../../Engine/Plugins/Animation/ControlRig/Content/Controls/ControlRig_Arrow4_solid.uexp" 82
"../../../Engine/Content/EngineResources/DefaultTextureCube.uasset" 83
"../../../Engine/Content/EngineResources/DefaultTextureCube.uexp" 84
"../../../Engine/Plugins/Animation/ControlRig/Content/Controls/ControlRig_Arrow_1mm.ubulk" 85
"../../../Engine/Plugins/Animation/ControlRig/Content/Controls/ControlRig_Arrow_1mm.uasset" 86
"../../../Engine/Plugins/Animation/ControlRig/Content/Controls/ControlRig_Arrow_1mm.uexp" 87
"../../../Engine/Plugins/Animation/ControlRig/Content/Controls/ControlRig_Arrow_3mm.ubulk" 88
"../../../Engine/Plugins/Animation/ControlRig/Content/Controls/ControlRig_Arrow_3mm.uasset" 89
"../../../Engine/Plugins/Animation/ControlRig/Content/Controls/ControlRig_Arrow_3mm.uexp" 90
"../../../Engine/Plugins/Animation/ControlRig/Content/Controls/ControlRig_Arrow_solid.ubulk" 91
"../../../Engine/Plugins/Animation/ControlRig/Content/Controls/ControlRig_Arrow_solid.uasset" 92
"../../../Engine/Plugins/Animation/ControlRig/Content/Controls/ControlRig_Arrow_solid.uexp" 93
"../../../Engine/Plugins/Animation/ControlRig/Content/Controls/ControlRig_Box_1mm.ubulk" 94
"../../../Engine/Plugins/Animation/ControlRig/Content/Controls/ControlRig_Box_1mm.uasset" 95
"../../../Engine/Plugins/Animation/ControlRig/Content/Controls/ControlRig_Box_1mm.uexp" 96
"../../../Engine/Plugins/Animation/ControlRig/Content/Controls/ControlRig_Box_3mm.ubulk" 97
"../../../Engine/Plugins/Animation/ControlRig/Content/Controls/ControlRig_Box_3mm.uasset" 98
"../../../Engine/Plugins/Animation/ControlRig/Content/Controls/ControlRig_Box_3mm.uexp" 99
"../../../Engine/Plugins/Animation/ControlRig/Content/Controls/ControlRig_Box_solid.ubulk" 100
"../../../Engine/Plugins/Animation/ControlRig/Content/Controls/ControlRig_Box_solid.uasset" 101
"../../../Engine/Plugins/Animation/ControlRig/Content/Controls/ControlRig_Box_solid.uexp" 102
"../../../Engine/Plugins/Animation/ControlRig/Content/Controls/ControlRig_Circle_1mm.ubulk" 103
"../../../Engine/Plugins/Animation/ControlRig/Content/Controls/ControlRig_Circle_1mm.uasset" 104
"../../../Engine/Plugins/Animation/ControlRig/Content/Controls/ControlRig_Circle_1mm.uexp" 105
"../../../Engine/Plugins/Animation/ControlRig/Content/Controls/ControlRig_Circle_3mm.ubulk" 106
"../../../Engine/Plugins/Animation/ControlRig/Content/Controls/ControlRig_Circle_3mm.uasset" 107
"../../../Engine/Plugins/Animation/ControlRig/Content/Controls/ControlRig_Circle_3mm.uexp" 108
"../../../Engine/Content/EditorResources/S_Actor.ubulk" 109
"../../../Engine/Content/EditorResources/S_Actor.uasset" 110
"../../../Engine/Content/EditorResources/S_Actor.uexp" 111
"../../../Engine/Plugins/Animation/ControlRig/Content/Controls/ControlRig_Circle_solid.ubulk" 112
"../../../Engine/Plugins/Animation/ControlRig/Content/Controls/ControlRig_Circle_solid.uasset" 113
"../../../Engine/Plugins/Animation/ControlRig/Content/Controls/ControlRig_Circle_solid.uexp" 114
"../../../Engine/Plugins/Animation/ControlRig/Content/Controls/ControlRig_Diamond_1mm.ubulk" 115
"../../../Engine/Plugins/Animation/ControlRig/Content/Controls/ControlRig_Diamond_1mm.uasset" 116
"../../../Engine/Plugins/Animation/ControlRig/Content/Controls/ControlRig_Diamond_1mm.uexp" 117
"../../../Engine/Content/EditorResources/S_BoxReflectionCapture.uasset" 118
"../../../Engine/Content/EditorResources/S_BoxReflectionCapture.uexp" 119
"../../../Engine/Plugins/Animation/ControlRig/Content/Controls/ControlRig_Diamond_3mm.ubulk" 120
"../../../Engine/Plugins/Animation/ControlRig/Content/Controls/ControlRig_Diamond_3mm.uasset" 121
"../../../Engine/Plugins/Animation/ControlRig/Content/Controls/ControlRig_Diamond_3mm.uexp" 122
"../../../Engine/Content/EngineResources/GradientTexture0.uasset" 123
"../../../Engine/Content/EngineResources/GradientTexture0.uexp" 124
"../../../Engine/Plugins/Animation/ControlRig/Content/Controls/ControlRig_Diamond_solid.ubulk" 125
"../../../Engine/Plugins/Animation/ControlRig/Content/Controls/ControlRig_Diamond_solid.uasset" 126
"../../../Engine/Plugins/Animation/ControlRig/Content/Controls/ControlRig_Diamond_solid.uexp" 127
"../../../Engine/Plugins/Animation/ControlRig/Content/Controls/ControlRig_HalfCircle_1mm.ubulk" 128
"../../../Engine/Plugins/Animation/ControlRig/Content/Controls/ControlRig_HalfCircle_1mm.uasset" 129
"../../../Engine/Plugins/Animation/ControlRig/Content/Controls/ControlRig_HalfCircle_1mm.uexp" 130
"../../../Engine/Plugins/Animation/ControlRig/Content/Controls/ControlRig_HalfCircle_3mm.ubulk" 131
"../../../Engine/Plugins/Animation/ControlRig/Content/Controls/ControlRig_HalfCircle_3mm.uasset" 132
"../../../Engine/Plugins/Animation/ControlRig/Content/Controls/ControlRig_HalfCircle_3mm.uexp" 133
"../../../Engine/Plugins/Animation/ControlRig/Content/Controls/ControlRig_HalfCircle_solid.ubulk" 134
"../../../Engine/Plugins/Animation/ControlRig/Content/Controls/ControlRig_HalfCircle_solid.uasset" 135
"../../../Engine/Plugins/Animation/ControlRig/Content/Controls/ControlRig_HalfCircle_solid.uexp" 136
"../../../Engine/Plugins/Animation/ControlRig/Content/Controls/ControlRig_Hexagon_1mm.ubulk" 137
"../../../Engine/Plugins/Animation/ControlRig/Content/Controls/ControlRig_Hexagon_1mm.uasset" 138
"../../../Engine/Plugins/Animation/ControlRig/Content/Controls/ControlRig_Hexagon_1mm.uexp" 139
"../../../Engine/Plugins/Animation/ControlRig/Content/Controls/ControlRig_Hexagon_3mm.ubulk" 140
"../../../Engine/Plugins/Animation/ControlRig/Content/Controls/ControlRig_Hexagon_3mm.uasset" 141
"../../../Engine/Plugins/Animation/ControlRig/Content/Controls/ControlRig_Hexagon_3mm.uexp" 142
"../../../Engine/Content/EngineResources/LandscapeVisibilityLayerInfo.uasset" 143
"../../../Engine/Content/EngineResources/LandscapeVisibilityLayerInfo.uexp" 144
"../../../Engine/Plugins/Animation/ControlRig/Content/Controls/ControlRig_Hexagon_solid.ubulk" 145
"../../../Engine/Plugins/Animation/ControlRig/Content/Controls/ControlRig_Hexagon_solid.uasset" 146
"../../../Engine/Plugins/Animation/ControlRig/Content/Controls/ControlRig_Hexagon_solid.uexp" 147
"../../../Engine/Plugins/Animation/ControlRig/Content/Controls/ControlRig_Octagon_1mm.ubulk" 148
"../../../Engine/Plugins/Animation/ControlRig/Content/Controls/ControlRig_Octagon_1mm.uasset" 149
"../../../Engine/Plugins/Animation/ControlRig/Content/Controls/ControlRig_Octagon_1mm.uexp" 150
"../../../Engine/Plugins/Animation/ControlRig/Content/Controls/ControlRig_Octagon_3mm.ubulk" 151
"../../../Engine/Plugins/Animation/ControlRig/Content/Controls/ControlRig_Octagon_3mm.uasset" 152
"../../../Engine/Plugins/Animation/ControlRig/Content/Controls/ControlRig_Octagon_3mm.uexp" 153
"../../../Engine/Plugins/Animation/ControlRig/Content/Controls/ControlRig_Octagon_solid.ubulk" 154
"../../../Engine/Plugins/Animation/ControlRig/Content/Controls/ControlRig_Octagon_solid.uasset" 155
"../../../Engine/Plugins/Animation/ControlRig/Content/Controls/ControlRig_Octagon_solid.uexp" 156
"../../../Engine/Plugins/Animation/ControlRig/Content/Controls/ControlRig_Pyramid_1mm.ubulk" 157
"../../../Engine/Plugins/Animation/ControlRig/Content/Controls/ControlRig_Pyramid_1mm.uasset" 158
"../../../Engine/Plugins/Animation/ControlRig/Content/Controls/ControlRig_Pyramid_1mm.uexp" 159
"../../../Engine/Plugins/Media/MediaPlate/Content/SM_MediaPlateScreen.ubulk" 160
"../../../Engine/Plugins/Media/MediaPlate/Content/SM_MediaPlateScreen.uasset" 161
"../../../Engine/Plugins/Media/MediaPlate/Content/SM_MediaPlateScreen.uexp" 162
"../../../Engine/Plugins/Animation/ControlRig/Content/Controls/ControlRig_Pyramid_3mm.ubulk" 163
"../../../Engine/Plugins/Animation/ControlRig/Content/Controls/ControlRig_Pyramid_3mm.uasset" 164
"../../../Engine/Plugins/Animation/ControlRig/Content/Controls/ControlRig_Pyramid_3mm.uexp" 165
"../../../Engine/Plugins/NNE/NNEDenoiser/Content/NNEDIM_ColorAlbedoNormal_Alpha.uasset" 166
"../../../Engine/Plugins/NNE/NNEDenoiser/Content/NNEDIM_ColorAlbedoNormal_Alpha.uexp" 167
"../../../Engine/Plugins/NNE/NNEDenoiser/Content/NNEDIM_ColorAlbedoNormal_Default.uasset" 168
"../../../Engine/Plugins/NNE/NNEDenoiser/Content/NNEDIM_ColorAlbedoNormal_Default.uexp" 169
"../../../Engine/Plugins/NNE/NNEDenoiser/Content/NNEDIM_HighQuality_Alpha.uasset" 170
"../../../Engine/Plugins/NNE/NNEDenoiser/Content/NNEDIM_HighQuality_Alpha.uexp" 171
"../../../Engine/Plugins/Animation/ControlRig/Content/Controls/ControlRig_Pyramid_solid.ubulk" 172
"../../../Engine/Plugins/Animation/ControlRig/Content/Controls/ControlRig_Pyramid_solid.uasset" 173
"../../../Engine/Plugins/Animation/ControlRig/Content/Controls/ControlRig_Pyramid_solid.uexp" 174
"../../../Engine/Plugins/NNE/NNEDenoiser/Content/NNEDIM_HighQuality_Default.uasset" 175
"../../../Engine/Plugins/NNE/NNEDenoiser/Content/NNEDIM_HighQuality_Default.uexp" 176
"../../../Engine/Plugins/NNE/NNEDenoiser/Content/NNEDOM_Output_Alpha.uasset" 177
"../../../Engine/Plugins/NNE/NNEDenoiser/Content/NNEDOM_Output_Alpha.uexp" 178
"../../../Engine/Plugins/NNE/NNEDenoiser/Content/NNEDOM_Output_Default.uasset" 179
"../../../Engine/Plugins/NNE/NNEDenoiser/Content/NNEDOM_Output_Default.uexp" 180
"../../../Engine/Plugins/NNE/NNEDenoiser/Content/NNEDTIM_ColorAlbedoNormal_Alpha.uasset" 181
"../../../Engine/Plugins/NNE/NNEDenoiser/Content/NNEDTIM_ColorAlbedoNormal_Alpha.uexp" 182
"../../../Engine/Plugins/Animation/ControlRig/Content/Controls/ControlRig_QuarterCircle_1mm.ubulk" 183
"../../../Engine/Plugins/Animation/ControlRig/Content/Controls/ControlRig_QuarterCircle_1mm.uasset" 184
"../../../Engine/Plugins/Animation/ControlRig/Content/Controls/ControlRig_QuarterCircle_1mm.uexp" 185
"../../../Engine/Plugins/NNE/NNEDenoiser/Content/NNEDTIM_ColorAlbedoNormal_Default.uasset" 186
"../../../Engine/Plugins/NNE/NNEDenoiser/Content/NNEDTIM_ColorAlbedoNormal_Default.uexp" 187
"../../../Engine/Plugins/NNE/NNEDenoiser/Content/NNEDTOM_Output_Alpha.uasset" 188
"../../../Engine/Plugins/NNE/NNEDenoiser/Content/NNEDTOM_Output_Alpha.uexp" 189
"../../../Engine/Plugins/Animation/ControlRig/Content/Controls/ControlRig_QuarterCircle_3mm.ubulk" 190
"../../../Engine/Plugins/Animation/ControlRig/Content/Controls/ControlRig_QuarterCircle_3mm.uasset" 191
"../../../Engine/Plugins/Animation/ControlRig/Content/Controls/ControlRig_QuarterCircle_3mm.uexp" 192
"../../../Engine/Plugins/NNE/NNEDenoiser/Content/NNEDTOM_Output_Default.uasset" 193
"../../../Engine/Plugins/NNE/NNEDenoiser/Content/NNEDTOM_Output_Default.uexp" 194
"../../../Engine/Plugins/NNE/NNEDenoiser/Content/NNEDT_Oidn2-3_Balanced.uasset" 195
"../../../Engine/Plugins/NNE/NNEDenoiser/Content/NNEDT_Oidn2-3_Balanced.uexp" 196
"../../../Engine/Plugins/NNE/NNEDenoiser/Content/NNEDT_Oidn2-3_Balanced_Alpha.uasset" 197
"../../../Engine/Plugins/NNE/NNEDenoiser/Content/NNEDT_Oidn2-3_Balanced_Alpha.uexp" 198
"../../../Engine/Plugins/NNE/NNEDenoiser/Content/NNED_Oidn2-3_Balanced.uasset" 199
"../../../Engine/Plugins/NNE/NNEDenoiser/Content/NNED_Oidn2-3_Balanced.uexp" 200
"../../../Engine/Plugins/Animation/ControlRig/Content/Controls/ControlRig_QuarterCircle_solid.ubulk" 201
"../../../Engine/Plugins/Animation/ControlRig/Content/Controls/ControlRig_QuarterCircle_solid.uasset" 202
"../../../Engine/Plugins/Animation/ControlRig/Content/Controls/ControlRig_QuarterCircle_solid.uexp" 203
"../../../Engine/Plugins/NNE/NNEDenoiser/Content/NNED_Oidn2-3_Balanced_Alpha.uasset" 204
"../../../Engine/Plugins/NNE/NNEDenoiser/Content/NNED_Oidn2-3_Balanced_Alpha.uexp" 205
"../../../Engine/Plugins/NNE/NNEDenoiser/Content/NNED_Oidn2-3_Fast.uasset" 206
"../../../Engine/Plugins/NNE/NNEDenoiser/Content/NNED_Oidn2-3_Fast.uexp" 207
"../../../Engine/Plugins/NNE/NNEDenoiser/Content/NNED_Oidn2-3_Fast_Alpha.uasset" 208
"../../../Engine/Plugins/NNE/NNEDenoiser/Content/NNED_Oidn2-3_Fast_Alpha.uexp" 209
"../../../Engine/Plugins/NNE/NNEDenoiser/Content/NNED_Oidn2-3_HighQuality.uasset" 210
"../../../Engine/Plugins/NNE/NNEDenoiser/Content/NNED_Oidn2-3_HighQuality.uexp" 211
"../../../Engine/Plugins/NNE/NNEDenoiser/Content/NNED_Oidn2-3_HighQuality_Alpha.uasset" 212
"../../../Engine/Plugins/NNE/NNEDenoiser/Content/NNED_Oidn2-3_HighQuality_Alpha.uexp" 213
"../../../Engine/Plugins/NNE/NNEDenoiser/Content/NNE_oidn2-3-0_rt_hdr_alb_nrm_small__dyn__fp16_opset11_DenoiseAlpha.uasset" 214
"../../../Engine/Plugins/NNE/NNEDenoiser/Content/NNE_oidn2-3-0_rt_hdr_alb_nrm_small__dyn__fp16_opset11_DenoiseAlpha.uexp" 215
"../../../Engine/Plugins/NNE/NNEDenoiser/Content/NNE_oidn2-3-0_rt_hdr_alb_nrm_small__dyn__fp16_opset11_ForwardAlpha.uasset" 216
"../../../Engine/Plugins/NNE/NNEDenoiser/Content/NNE_oidn2-3-0_rt_hdr_alb_nrm_small__dyn__fp16_opset11_ForwardAlpha.uexp" 217
"../../../Engine/Plugins/NNE/NNEDenoiser/Content/NNE_oidn2-3-0_rt_hdr_alb_nrm__dyn__fp16_opset11_DenoiseAlpha.uasset" 218
"../../../Engine/Plugins/NNE/NNEDenoiser/Content/NNE_oidn2-3-0_rt_hdr_alb_nrm__dyn__fp16_opset11_DenoiseAlpha.uexp" 219
"../../../Engine/Plugins/NNE/NNEDenoiser/Content/NNE_oidn2-3-0_rt_hdr_alb_nrm__dyn__fp16_opset11_ForwardAlpha.uasset" 220
"../../../Engine/Plugins/NNE/NNEDenoiser/Content/NNE_oidn2-3-0_rt_hdr_alb_nrm__dyn__fp16_opset11_ForwardAlpha.uexp" 221
"../../../Engine/Plugins/NNE/NNEDenoiser/Content/NNE_oidn2-3-0_rt_hdr_calb_cnrm_large__dyn__fp16_opset11_DenoiseAlpha.uasset" 222
"../../../Engine/Plugins/NNE/NNEDenoiser/Content/NNE_oidn2-3-0_rt_hdr_calb_cnrm_large__dyn__fp16_opset11_DenoiseAlpha.uexp" 223
"../../../Engine/Plugins/NNE/NNEDenoiser/Content/NNE_oidn2-3-0_rt_hdr_calb_cnrm_large__dyn__fp16_opset11_ForwardAlpha.uasset" 224
"../../../Engine/Plugins/NNE/NNEDenoiser/Content/NNE_oidn2-3-0_rt_hdr_calb_cnrm_large__dyn__fp16_opset11_ForwardAlpha.uexp" 225
"../../../Engine/Plugins/Animation/ControlRig/Content/Controls/ControlRig_RoundedSquare_1mm.ubulk" 226
"../../../Engine/Plugins/Animation/ControlRig/Content/Controls/ControlRig_RoundedSquare_1mm.uasset" 227
"../../../Engine/Plugins/Animation/ControlRig/Content/Controls/ControlRig_RoundedSquare_1mm.uexp" 228
"../../../Engine/Plugins/Animation/ControlRig/Content/Controls/ControlRig_RoundedSquare_3mm.ubulk" 229
"../../../Engine/Plugins/Animation/ControlRig/Content/Controls/ControlRig_RoundedSquare_3mm.uasset" 230
"../../../Engine/Plugins/Animation/ControlRig/Content/Controls/ControlRig_RoundedSquare_3mm.uexp" 231
"../../../Engine/Content/EditorResources/S_Solver.ubulk" 232
"../../../Engine/Content/EditorResources/S_Solver.uasset" 233
"../../../Engine/Content/EditorResources/S_Solver.uexp" 234
"../../../Engine/Plugins/Animation/ControlRig/Content/Controls/ControlRig_RoundedSquare_solid.ubulk" 235
"../../../Engine/Plugins/Animation/ControlRig/Content/Controls/ControlRig_RoundedSquare_solid.uasset" 236
"../../../Engine/Plugins/Animation/ControlRig/Content/Controls/ControlRig_RoundedSquare_solid.uexp" 237
"../../../Engine/Content/EditorResources/S_Terrain.ubulk" 238
"../../../Engine/Content/EditorResources/S_Terrain.uasset" 239
"../../../Engine/Content/EditorResources/S_Terrain.uexp" 240
"../../../Engine/Plugins/Animation/ControlRig/Content/Controls/ControlRig_RoundedTriangle_1mm.ubulk" 241
"../../../Engine/Plugins/Animation/ControlRig/Content/Controls/ControlRig_RoundedTriangle_1mm.uasset" 242
"../../../Engine/Plugins/Animation/ControlRig/Content/Controls/ControlRig_RoundedTriangle_1mm.uexp" 243
"../../../Engine/Plugins/Animation/ControlRig/Content/Controls/ControlRig_RoundedTriangle_3mm.ubulk" 244
"../../../Engine/Plugins/Animation/ControlRig/Content/Controls/ControlRig_RoundedTriangle_3mm.uasset" 245
"../../../Engine/Plugins/Animation/ControlRig/Content/Controls/ControlRig_RoundedTriangle_3mm.uexp" 246
"../../../Engine/Content/BasicShapes/BasicShapeMaterial.uasset" 247
"../../../Engine/Content/BasicShapes/BasicShapeMaterial.uexp" 248
"../../../Engine/Plugins/Animation/ControlRig/Content/Controls/ControlRig_RoundedTriangle_solid.ubulk" 249
"../../../Engine/Plugins/Animation/ControlRig/Content/Controls/ControlRig_RoundedTriangle_solid.uasset" 250
"../../../Engine/Plugins/Animation/ControlRig/Content/Controls/ControlRig_RoundedTriangle_solid.uexp" 251
"../../../Engine/Content/EditorResources/S_Trigger.ubulk" 252
"../../../Engine/Content/EditorResources/S_Trigger.uasset" 253
"../../../Engine/Content/EditorResources/S_Trigger.uexp" 254
"../../../Engine/Plugins/Animation/ControlRig/Content/Controls/ControlRig_Sphere_1mm.ubulk" 255
"../../../Engine/Plugins/Animation/ControlRig/Content/Controls/ControlRig_Sphere_1mm.uasset" 256
"../../../Engine/Plugins/Animation/ControlRig/Content/Controls/ControlRig_Sphere_1mm.uexp" 257
"../../../Engine/Content/EditorResources/S_TriggerBox.uasset" 258
"../../../Engine/Content/EditorResources/S_TriggerBox.uexp" 259
"../../../Engine/Plugins/Animation/ControlRig/Content/Controls/ControlRig_Sphere_3mm.ubulk" 260
"../../../Engine/Plugins/Animation/ControlRig/Content/Controls/ControlRig_Sphere_3mm.uasset" 261
"../../../Engine/Plugins/Animation/ControlRig/Content/Controls/ControlRig_Sphere_3mm.uexp" 262
"../../../Engine/Content/EditorResources/S_TriggerCapsule.uasset" 263
"../../../Engine/Content/EditorResources/S_TriggerCapsule.uexp" 264
"../../../Engine/Content/EngineMaterials/DefaultMaterial.uasset" 265
"../../../Engine/Content/EngineMaterials/DefaultMaterial.uexp" 266
"../../../Engine/Content/BasicShapes/Cone.ubulk" 267
"../../../Engine/Content/BasicShapes/Cone.uasset" 268
"../../../Engine/Content/BasicShapes/Cone.uexp" 269
"../../../Engine/Content/EditorResources/S_TriggerSphere.uasset" 270
"../../../Engine/Content/EditorResources/S_TriggerSphere.uexp" 271
"../../../Engine/Plugins/Animation/ControlRig/Content/Controls/ControlRig_Sphere_solid.ubulk" 272
"../../../Engine/Plugins/Animation/ControlRig/Content/Controls/ControlRig_Sphere_solid.uasset" 273
"../../../Engine/Plugins/Animation/ControlRig/Content/Controls/ControlRig_Sphere_solid.uexp" 274
"../../../Engine/Content/BasicShapes/Cube.ubulk" 275
"../../../Engine/Content/BasicShapes/Cube.uasset" 276
"../../../Engine/Content/BasicShapes/Cube.uexp" 277
"../../../Engine/Plugins/Animation/ControlRig/Content/Controls/ControlRig_Square_1mm.ubulk" 278
"../../../Engine/Plugins/Animation/ControlRig/Content/Controls/ControlRig_Square_1mm.uasset" 279
"../../../Engine/Plugins/Animation/ControlRig/Content/Controls/ControlRig_Square_1mm.uexp" 280
"../../../Engine/Plugins/Interchange/Runtime/Content/Pipelines/DefaultAssetsPipeline.uasset" 281
"../../../Engine/Plugins/Interchange/Runtime/Content/Pipelines/DefaultAssetsPipeline.uexp" 282
"../../../Engine/Plugins/Interchange/Runtime/Content/Pipelines/DefaultAudioPipeline.uasset" 283
"../../../Engine/Plugins/Interchange/Runtime/Content/Pipelines/DefaultAudioPipeline.uexp" 284
"../../../Engine/Plugins/Interchange/Runtime/Content/Pipelines/DefaultGLTFAssetsPipeline.uasset" 285
"../../../Engine/Plugins/Interchange/Runtime/Content/Pipelines/DefaultGLTFAssetsPipeline.uexp" 286
"../../../Engine/Plugins/Interchange/Runtime/Content/Pipelines/DefaultGLTFPipeline.uasset" 287
"../../../Engine/Plugins/Interchange/Runtime/Content/Pipelines/DefaultGLTFPipeline.uexp" 288
"../../../Engine/Plugins/Interchange/Runtime/Content/Pipelines/DefaultGLTFSceneAssetsPipeline.uasset" 289
"../../../Engine/Plugins/Interchange/Runtime/Content/Pipelines/DefaultGLTFSceneAssetsPipeline.uexp" 290
"../../../Engine/Plugins/Interchange/Runtime/Content/Pipelines/DefaultMaterialPipeline.uasset" 291
"../../../Engine/Plugins/Interchange/Runtime/Content/Pipelines/DefaultMaterialPipeline.uexp" 292
"../../../Engine/Plugins/Interchange/Runtime/Content/Pipelines/DefaultMaterialXPipeline.uasset" 293
"../../../Engine/Plugins/Interchange/Runtime/Content/Pipelines/DefaultMaterialXPipeline.uexp" 294
"../../../Engine/Plugins/Interchange/Runtime/Content/Pipelines/DefaultSceneAssetsPipeline.uasset" 295
"../../../Engine/Plugins/Interchange/Runtime/Content/Pipelines/DefaultSceneAssetsPipeline.uexp" 296
"../../../Engine/Plugins/Interchange/Runtime/Content/Pipelines/DefaultSceneLevelPipeline.uasset" 297
"../../../Engine/Plugins/Interchange/Runtime/Content/Pipelines/DefaultSceneLevelPipeline.uexp" 298
"../../../Engine/Plugins/Animation/ControlRig/Content/Controls/ControlRig_Square_3mm.ubulk" 299
"../../../Engine/Plugins/Animation/ControlRig/Content/Controls/ControlRig_Square_3mm.uasset" 300
"../../../Engine/Plugins/Animation/ControlRig/Content/Controls/ControlRig_Square_3mm.uexp" 301
"../../../Engine/Plugins/Interchange/Runtime/Content/Pipelines/DefaultTexturePipeline.uasset" 302
"../../../Engine/Plugins/Interchange/Runtime/Content/Pipelines/DefaultTexturePipeline.uexp" 303
"../../../Engine/Content/BasicShapes/Cylinder.ubulk" 304
"../../../Engine/Content/BasicShapes/Cylinder.uasset" 305
"../../../Engine/Content/BasicShapes/Cylinder.uexp" 306
"../../../Engine/Plugins/Animation/ControlRig/Content/Controls/ControlRig_Square_solid.ubulk" 307
"../../../Engine/Plugins/Animation/ControlRig/Content/Controls/ControlRig_Square_solid.uasset" 308
"../../../Engine/Plugins/Animation/ControlRig/Content/Controls/ControlRig_Square_solid.uexp" 309
"../../../Engine/Content/BasicShapes/Plane.ubulk" 310
"../../../Engine/Content/BasicShapes/Plane.uasset" 311
"../../../Engine/Content/BasicShapes/Plane.uexp" 312
"../../../Engine/Plugins/Animation/ControlRig/Content/Controls/ControlRig_Star4_1mm.ubulk" 313
"../../../Engine/Plugins/Animation/ControlRig/Content/Controls/ControlRig_Star4_1mm.uasset" 314
"../../../Engine/Plugins/Animation/ControlRig/Content/Controls/ControlRig_Star4_1mm.uexp" 315
"../../../Engine/Content/BasicShapes/Sphere.ubulk" 316
"../../../Engine/Content/BasicShapes/Sphere.uasset" 317
"../../../Engine/Content/BasicShapes/Sphere.uexp" 318
"../../../Engine/Plugins/Animation/ControlRig/Content/Controls/ControlRig_Star4_3mm.ubulk" 319
"../../../Engine/Plugins/Animation/ControlRig/Content/Controls/ControlRig_Star4_3mm.uasset" 320
"../../../Engine/Plugins/Animation/ControlRig/Content/Controls/ControlRig_Star4_3mm.uexp" 321
"../../../Engine/Plugins/Animation/ControlRig/Content/Controls/ControlRig_Star4_solid.ubulk" 322
"../../../Engine/Plugins/Animation/ControlRig/Content/Controls/ControlRig_Star4_solid.uasset" 323
"../../../Engine/Plugins/Animation/ControlRig/Content/Controls/ControlRig_Star4_solid.uexp" 324
"../../../Engine/Content/MobileResources/HUD/VirtualJoystick_Background.uasset" 325
"../../../Engine/Content/MobileResources/HUD/VirtualJoystick_Background.uexp" 326
"../../../Engine/Content/MobileResources/HUD/VirtualJoystick_Thumb.uasset" 327
"../../../Engine/Content/MobileResources/HUD/VirtualJoystick_Thumb.uexp" 328
"../../../Engine/Content/MobileResources/HUD/DefaultVirtualJoysticks.uasset" 329
"../../../Engine/Content/MobileResources/HUD/DefaultVirtualJoysticks.uexp" 330
"../../../Engine/Plugins/Animation/ControlRig/Content/Controls/ControlRig_Triangle_1mm.ubulk" 331
"../../../Engine/Plugins/Animation/ControlRig/Content/Controls/ControlRig_Triangle_1mm.uasset" 332
"../../../Engine/Plugins/Animation/ControlRig/Content/Controls/ControlRig_Triangle_1mm.uexp" 333
"../../../Engine/Plugins/Animation/ControlRig/Content/Controls/ControlRig_Triangle_3mm.ubulk" 334
"../../../Engine/Plugins/Animation/ControlRig/Content/Controls/ControlRig_Triangle_3mm.uasset" 335
"../../../Engine/Plugins/Animation/ControlRig/Content/Controls/ControlRig_Triangle_3mm.uexp" 336
"../../../Engine/Plugins/Animation/ControlRig/Content/Controls/ControlRig_Triangle_solid.ubulk" 337
"../../../Engine/Plugins/Animation/ControlRig/Content/Controls/ControlRig_Triangle_solid.uasset" 338
"../../../Engine/Plugins/Animation/ControlRig/Content/Controls/ControlRig_Triangle_solid.uexp" 339
"../../../Engine/Content/EngineDamageTypes/DmgTypeBP_Environmental.uasset" 340
"../../../Engine/Content/EngineDamageTypes/DmgTypeBP_Environmental.uexp" 341
"../../../Engine/Plugins/Animation/ControlRig/Content/Controls/ControlRig_Wedge_1mm.ubulk" 342
"../../../Engine/Plugins/Animation/ControlRig/Content/Controls/ControlRig_Wedge_1mm.uasset" 343
"../../../Engine/Plugins/Animation/ControlRig/Content/Controls/ControlRig_Wedge_1mm.uexp" 344
"../../../Engine/Plugins/Animation/ControlRig/Content/Controls/ControlRig_Wedge_3mm.ubulk" 345
"../../../Engine/Plugins/Animation/ControlRig/Content/Controls/ControlRig_Wedge_3mm.uasset" 346
"../../../Engine/Plugins/Animation/ControlRig/Content/Controls/ControlRig_Wedge_3mm.uexp" 347
"../../../Engine/Plugins/Animation/ControlRig/Content/Controls/ControlRig_Wedge_solid.ubulk" 348
"../../../Engine/Plugins/Animation/ControlRig/Content/Controls/ControlRig_Wedge_solid.uasset" 349
"../../../Engine/Plugins/Animation/ControlRig/Content/Controls/ControlRig_Wedge_solid.uexp" 350
"../../../Engine/Content/EngineMaterials/DefaultBloomKernel.uasset" 351
"../../../Engine/Content/EngineMaterials/DefaultBloomKernel.uexp" 352
"../../../Engine/Content/EngineMaterials/DefaultBokeh.uasset" 353
"../../../Engine/Content/EngineMaterials/DefaultBokeh.uexp" 354
"../../../Engine/Content/EngineDebugMaterials/DebugEditorMaterial.uasset" 355
"../../../Engine/Content/EngineDebugMaterials/DebugEditorMaterial.uexp" 356
"../../../Engine/Content/EngineDebugMaterials/DebugMeshMaterial.uasset" 357
"../../../Engine/Content/EngineDebugMaterials/DebugMeshMaterial.uexp" 358
"../../../Engine/Content/EditorLandscapeResources/DefaultAlphaTexture.uasset" 359
"../../../Engine/Content/EditorLandscapeResources/DefaultAlphaTexture.uexp" 360
"../../../Engine/Content/EditorLandscapeResources/LandscapeDirtyMaterial.uasset" 361
"../../../Engine/Content/EditorLandscapeResources/LandscapeDirtyMaterial.uexp" 362
"../../../Engine/Content/EngineMaterials/DefaultDiffuse.ubulk" 363
"../../../Engine/Content/EngineMaterials/DefaultDiffuse.uasset" 364
"../../../Engine/Content/EngineMaterials/DefaultDiffuse.uexp" 365
"../../../Engine/Content/EngineMaterials/DefaultDeferredDecalMaterial.uasset" 366
"../../../Engine/Content/EngineMaterials/DefaultDeferredDecalMaterial.uexp" 367
"../../../Engine/Content/EngineMaterials/DefaultLightFunctionMaterial.uasset" 368
"../../../Engine/Content/EngineMaterials/DefaultLightFunctionMaterial.uexp" 369
"../../../Engine/Content/Functions/Engine_MaterialFunctions01/Texturing/TextureCropping.uasset" 370
"../../../Engine/Content/Functions/Engine_MaterialFunctions01/Texturing/TextureCropping.uexp" 371
"../../../Engine/Content/Functions/Engine_MaterialFunctions02/ExampleContent/DebugNumberStrip.uasset" 372
"../../../Engine/Content/Functions/Engine_MaterialFunctions02/ExampleContent/DebugNumberStrip.uexp" 373
"../../../Engine/Content/Functions/Engine_MaterialFunctions01/Debug/DebugIntValues.uasset" 374
"../../../Engine/Content/Functions/Engine_MaterialFunctions01/Debug/DebugIntValues.uexp" 375
"../../../Engine/Content/Functions/Engine_MaterialFunctions02/Utility/BreakOutFloat2Components.uasset" 376
"../../../Engine/Content/Functions/Engine_MaterialFunctions02/Utility/BreakOutFloat2Components.uexp" 377
"../../../Engine/Content/Functions/Engine_MaterialFunctions01/Texturing/ScaleUVsByCenter.uasset" 378
"../../../Engine/Content/Functions/Engine_MaterialFunctions01/Texturing/ScaleUVsByCenter.uexp" 379
"../../../Engine/Content/Functions/Engine_MaterialFunctions02/WorldPositionOffset/LocalPosition.uasset" 380
"../../../Engine/Content/Functions/Engine_MaterialFunctions02/WorldPositionOffset/LocalPosition.uexp" 381
"../../../Engine/Content/EditorLandscapeResources/LandscapeLayerUsageMaterial.uasset" 382
"../../../Engine/Content/EditorLandscapeResources/LandscapeLayerUsageMaterial.uexp" 383
"../../../Engine/Content/EngineMaterials/DefaultPostProcessMaterial.uasset" 384
"../../../Engine/Content/EngineMaterials/DefaultPostProcessMaterial.uexp" 385
"../../../Engine/Content/EngineFonts/RobotoDistanceField.uasset" 386
"../../../Engine/Content/EngineFonts/RobotoDistanceField.uexp" 387
"../../../Engine/Content/EngineMaterials/DefaultTextMaterialOpaque.uasset" 388
"../../../Engine/Content/EngineMaterials/DefaultTextMaterialOpaque.uexp" 389
"../../../Engine/Content/EditorLandscapeResources/WhiteSquareTexture.uasset" 390
"../../../Engine/Content/EditorLandscapeResources/WhiteSquareTexture.uexp" 391
"../../../Engine/Content/EditorLandscapeResources/LayerVisMaterial.uasset" 392
"../../../Engine/Content/EditorLandscapeResources/LayerVisMaterial.uexp" 393
"../../../Engine/Content/EngineMaterials/DefaultWhiteGrid.ubulk" 394
"../../../Engine/Content/EngineMaterials/DefaultWhiteGrid.uasset" 395
"../../../Engine/Content/EngineMaterials/DefaultWhiteGrid.uexp" 396
"../../../Engine/Content/Functions/Engine_MaterialFunctions02/Utility/MakeFloat3.uasset" 397
"../../../Engine/Content/Functions/Engine_MaterialFunctions02/Utility/MakeFloat3.uexp" 398
"../../../Engine/Content/Functions/Engine_MaterialFunctions03/Math/WithinRangeFloat2.uasset" 399
"../../../Engine/Content/Functions/Engine_MaterialFunctions03/Math/WithinRangeFloat2.uexp" 400
"../../../Engine/Content/EditorLandscapeResources/MaskBrushMaterial.uasset" 401
"../../../Engine/Content/EditorLandscapeResources/MaskBrushMaterial.uexp" 402
"../../../Engine/Content/EditorLandscapeResources/MaskBrushMaterial_MaskedRegion.uasset" 403
"../../../Engine/Content/EditorLandscapeResources/MaskBrushMaterial_MaskedRegion.uexp" 404
"../../../Engine/Content/EngineDebugMaterials/M_SimpleUnlitTranslucent.uasset" 405
"../../../Engine/Content/EngineDebugMaterials/M_SimpleUnlitTranslucent.uexp" 406
"../../../Engine/Content/Functions/Engine_MaterialFunctions02/Utility/CameraDirectionVector.uasset" 407
"../../../Engine/Content/Functions/Engine_MaterialFunctions02/Utility/CameraDirectionVector.uexp" 408
"../../../Engine/Content/EngineDebugMaterials/VolumeToRender.uasset" 409
"../../../Engine/Content/EngineDebugMaterials/VolumeToRender.uexp" 410
"../../../Engine/Content/EngineDebugMaterials/M_VolumeRenderSphereTracePP.uasset" 411
"../../../Engine/Content/EngineDebugMaterials/M_VolumeRenderSphereTracePP.uexp" 412
"../../../Engine/Content/EngineMaterials/DefaultWhiteGrid_Low.uasset" 413
"../../../Engine/Content/EngineMaterials/DefaultWhiteGrid_Low.uexp" 414
"../../../Engine/Content/EngineMaterials/EmissiveMeshMaterial.uasset" 415
"../../../Engine/Content/EngineMaterials/EmissiveMeshMaterial.uexp" 416
"../../../Engine/Content/Functions/Engine_MaterialFunctions02/Utility/VectorLength.uasset" 417
"../../../Engine/Content/Functions/Engine_MaterialFunctions02/Utility/VectorLength.uexp" 418
"../../../Engine/Plugins/Experimental/MeshModelingToolsetExp/Content/Materials/GetDisplacementVectorForDepthBias.uasset" 419
"../../../Engine/Plugins/Experimental/MeshModelingToolsetExp/Content/Materials/GetDisplacementVectorForDepthBias.uexp" 420
"../../../Engine/Content/Functions/Engine_MaterialFunctions03/Viewport/MF_OrthoWidth.uasset" 421
"../../../Engine/Content/Functions/Engine_MaterialFunctions03/Viewport/MF_OrthoWidth.uexp" 422
"../../../Engine/Content/Functions/Engine_MaterialFunctions02/Utility/FOV.uasset" 423
"../../../Engine/Content/Functions/Engine_MaterialFunctions02/Utility/FOV.uexp" 424
"../../../Engine/Content/Functions/Engine_MaterialFunctions02/WorldPositionOffset/V2/ObjectScale.uasset" 425
"../../../Engine/Content/Functions/Engine_MaterialFunctions02/WorldPositionOffset/V2/ObjectScale.uexp" 426
"../../../Engine/Plugins/Experimental/MeshModelingToolsetExp/Content/Materials/PointSetOverlaidComponentMaterial.uasset" 427
"../../../Engine/Plugins/Experimental/MeshModelingToolsetExp/Content/Materials/PointSetOverlaidComponentMaterial.uexp" 428
"../../../Engine/Content/EngineMaterials/FastBlueNoise_scalar_128x128x64.uasset" 429
"../../../Engine/Content/EngineMaterials/FastBlueNoise_scalar_128x128x64.uexp" 430
"../../../Engine/Content/EditorLandscapeResources/ColorMaskBrushMaterial.uasset" 431
"../../../Engine/Content/EditorLandscapeResources/ColorMaskBrushMaterial.uexp" 432
"../../../Engine/Content/EditorLandscapeResources/ColorMaskBrushMaterial_MaskedRegion.uasset" 433
"../../../Engine/Content/EditorLandscapeResources/ColorMaskBrushMaterial_MaskedRegion.uexp" 434
"../../../Engine/Content/EngineMaterials/FastBlueNoise_scalar_128x128x8.uasset" 435
"../../../Engine/Content/EngineMaterials/FastBlueNoise_scalar_128x128x8.uexp" 436
"../../../Engine/Content/EngineMaterials/FastBlueNoise_vec2_128x128x64.uasset" 437
"../../../Engine/Content/EngineMaterials/FastBlueNoise_vec2_128x128x64.uexp" 438
"../../../Engine/Plugins/Interchange/Assets/Content/Functions/MX_SubsurfaceBSDF.uasset" 439
"../../../Engine/Plugins/Interchange/Assets/Content/Functions/MX_SubsurfaceBSDF.uexp" 440
"../../../Engine/Content/EngineMaterials/BaseFlattenDiffuseMap.uasset" 441
"../../../Engine/Content/EngineMaterials/BaseFlattenDiffuseMap.uexp" 442
"../../../Engine/Content/EngineMaterials/BaseFlattenEmissiveMap.uasset" 443
"../../../Engine/Content/EngineMaterials/BaseFlattenEmissiveMap.uexp" 444
"../../../Engine/Content/EngineMaterials/BaseFlattenGrayscaleMap.uasset" 445
"../../../Engine/Content/EngineMaterials/BaseFlattenGrayscaleMap.uexp" 446
"../../../Engine/Content/EngineMaterials/BaseFlattenLinearColor.uasset" 447
"../../../Engine/Content/EngineMaterials/BaseFlattenLinearColor.uexp" 448
"../../../Engine/Content/EngineMaterials/BaseFlattenNormalMap.uasset" 449
"../../../Engine/Content/EngineMaterials/BaseFlattenNormalMap.uexp" 450
"../../../Engine/Content/Functions/Engine_MaterialFunctions02/PivotPainter2/Black_1x1_EXR_Texture.uasset" 451
"../../../Engine/Content/Functions/Engine_MaterialFunctions02/PivotPainter2/Black_1x1_EXR_Texture.uexp" 452
"../../../Engine/Content/EngineMaterials/FlattenMaterial.uasset" 453
"../../../Engine/Content/EngineMaterials/FlattenMaterial.uexp" 454
"../../../Engine/Plugins/Interchange/Assets/Content/Functions/MX_Surface.uasset" 455
"../../../Engine/Plugins/Interchange/Assets/Content/Functions/MX_Surface.uexp" 456
"../../../Engine/Content/EngineMaterials/BaseFlattenDiffuseMap_VT.ubulk" 457
"../../../Engine/Content/EngineMaterials/BaseFlattenDiffuseMap_VT.uasset" 458
"../../../Engine/Content/EngineMaterials/BaseFlattenDiffuseMap_VT.uexp" 459
"../../../Engine/Content/EngineMaterials/BaseFlattenEmissiveMap_VT.ubulk" 460
"../../../Engine/Content/EngineMaterials/BaseFlattenEmissiveMap_VT.uasset" 461
"../../../Engine/Content/EngineMaterials/BaseFlattenEmissiveMap_VT.uexp" 462
"../../../Engine/Content/EngineMaterials/BaseFlattenGrayscaleMap_VT.ubulk" 463
"../../../Engine/Content/EngineMaterials/BaseFlattenGrayscaleMap_VT.uasset" 464
"../../../Engine/Content/EngineMaterials/BaseFlattenGrayscaleMap_VT.uexp" 465
"../../../Engine/Content/EngineMaterials/BaseFlattenLinearColor_VT.ubulk" 466
"../../../Engine/Content/EngineMaterials/BaseFlattenLinearColor_VT.uasset" 467
"../../../Engine/Content/EngineMaterials/BaseFlattenLinearColor_VT.uexp" 468
"../../../Engine/Content/EngineMaterials/BaseFlattenNormalMap_VT.ubulk" 469
"../../../Engine/Content/EngineMaterials/BaseFlattenNormalMap_VT.uasset" 470
"../../../Engine/Content/EngineMaterials/BaseFlattenNormalMap_VT.uexp" 471
"../../../Engine/Content/EngineMaterials/Black_1x1_EXR_Texture_VT.ubulk" 472
"../../../Engine/Content/EngineMaterials/Black_1x1_EXR_Texture_VT.uasset" 473
"../../../Engine/Content/EngineMaterials/Black_1x1_EXR_Texture_VT.uexp" 474
"../../../Engine/Content/EngineMaterials/FlattenMaterial_VT.uasset" 475
"../../../Engine/Content/EngineMaterials/FlattenMaterial_VT.uexp" 476
"../../../Engine/Content/EngineMaterials/FlattenMaterial_WS_Normal_VT.uasset" 477
"../../../Engine/Content/EngineMaterials/FlattenMaterial_WS_Normal_VT.uexp" 478
"../../../Engine/Plugins/Interchange/Assets/Content/Functions/MX_SurfaceUnlit.uasset" 479
"../../../Engine/Plugins/Interchange/Assets/Content/Functions/MX_SurfaceUnlit.uexp" 480
"../../../Engine/Content/EngineMaterials/GizmoMaterial.uasset" 481
"../../../Engine/Content/EngineMaterials/GizmoMaterial.uexp" 482
"../../../Engine/Plugins/Interchange/Assets/Content/Functions/MX_TranslucentBSDF.uasset" 483
"../../../Engine/Plugins/Interchange/Assets/Content/Functions/MX_TranslucentBSDF.uexp" 484
"../../../Engine/Plugins/Interchange/Assets/Content/Functions/MX_UniformEDF.uasset" 485
"../../../Engine/Plugins/Interchange/Assets/Content/Functions/MX_UniformEDF.uexp" 486
"../../../Engine/Plugins/Interchange/Assets/Content/Functions/MX_UsdPreviewSurface.uasset" 487
"../../../Engine/Plugins/Interchange/Assets/Content/Functions/MX_UsdPreviewSurface.uexp" 488
"../../../Engine/Content/EngineMaterials/MiniFont.uasset" 489
"../../../Engine/Content/EngineMaterials/MiniFont.uexp" 490
"../../../Engine/Content/EngineMaterials/InvalidLightmapSettings.ubulk" 491
"../../../Engine/Content/EngineMaterials/InvalidLightmapSettings.uasset" 492
"../../../Engine/Content/EngineMaterials/InvalidLightmapSettings.uexp" 493
"../../../Engine/Content/EngineMaterials/M_InvalidLightmapSettings.uasset" 494
"../../../Engine/Content/EngineMaterials/M_InvalidLightmapSettings.uexp" 495
"../../../Engine/Content/EngineMaterials/NaniteHiddenSectionMaterial.uasset" 496
"../../../Engine/Content/EngineMaterials/NaniteHiddenSectionMaterial.uexp" 497
"../../../Engine/Content/EngineMaterials/PhAT_JointLimitMaterial.uasset" 498
"../../../Engine/Content/EngineMaterials/PhAT_JointLimitMaterial.uexp" 499
"../../../Engine/Content/EditorLandscapeResources/SelectBrushMaterial.uasset" 500
"../../../Engine/Content/EditorLandscapeResources/SelectBrushMaterial.uexp" 501
"../../../Engine/Content/EditorLandscapeResources/SelectBrushMaterial_Selected.uasset" 502
"../../../Engine/Content/EditorLandscapeResources/SelectBrushMaterial_Selected.uexp" 503
"../../../Engine/Content/EditorLandscapeResources/SelectBrushMaterial_SelectedRegion.uasset" 504
"../../../Engine/Content/EditorLandscapeResources/SelectBrushMaterial_SelectedRegion.uexp" 505
"../../../Engine/Content/EngineMaterials/DefaultCalibrationColor.uasset" 506
"../../../Engine/Content/EngineMaterials/DefaultCalibrationColor.uexp" 507
"../../../Engine/Content/EngineMaterials/PPM_DefaultCalibrationColor.uasset" 508
"../../../Engine/Content/EngineMaterials/PPM_DefaultCalibrationColor.uexp" 509
"../../../Engine/Content/EngineMaterials/DefaultCalibrationGrayscale.uasset" 510
"../../../Engine/Content/EngineMaterials/DefaultCalibrationGrayscale.uexp" 511
"../../../Engine/Content/EngineMaterials/PPM_DefaultCalibrationGrayscale.uasset" 512
"../../../Engine/Content/EngineMaterials/PPM_DefaultCalibrationGrayscale.uexp" 513
"../../../Engine/Content/EditorLandscapeResources/SplineEditorMeshMat.uasset" 514
"../../../Engine/Content/EditorLandscapeResources/SplineEditorMeshMat.uexp" 515
"../../../Engine/Content/EditorLandscapeResources/SplineEditorMesh.ubulk" 516
"../../../Engine/Content/EditorLandscapeResources/SplineEditorMesh.uasset" 517
"../../../Engine/Content/EditorLandscapeResources/SplineEditorMesh.uexp" 518
"../../../Engine/Content/EngineMaterials/PreintegratedSkinBRDF.uasset" 519
"../../../Engine/Content/EngineMaterials/PreintegratedSkinBRDF.uexp" 520
"../../../Engine/Content/EngineMaterials/RemoveSurfaceMaterial.uasset" 521
"../../../Engine/Content/EngineMaterials/RemoveSurfaceMaterial.uexp" 522
"../../../Engine/Content/EngineMaterials/SMAAAreaTex.uasset" 523
"../../../Engine/Content/EngineMaterials/SMAAAreaTex.uexp" 524
"../../../Engine/Content/EngineMaterials/SMAASearchTex.uasset" 525
"../../../Engine/Content/EngineMaterials/SMAASearchTex.uexp" 526
"../../../Engine/Plugins/Runtime/AudioWidgets/Content/Resources/ScrubHandleDown_Clamped.uasset" 527
"../../../Engine/Plugins/Runtime/AudioWidgets/Content/Resources/ScrubHandleDown_Clamped.uexp" 528
"../../../Engine/Content/EngineMaterials/WeightMapPlaceholderTexture.uasset" 529
"../../../Engine/Content/EngineMaterials/WeightMapPlaceholderTexture.uexp" 530
"../../../Engine/Content/EngineMaterials/WeightMapArrayPlaceholderTexture.uasset" 531
"../../../Engine/Content/EngineMaterials/WeightMapArrayPlaceholderTexture.uexp" 532
"../../../Engine/Content/EngineResources/WhiteSquareTexture.uasset" 533
"../../../Engine/Content/EngineResources/WhiteSquareTexture.uexp" 534
"../../../Engine/Content/EngineMaterials/Widget3DPassThrough.uasset" 535
"../../../Engine/Content/EngineMaterials/Widget3DPassThrough.uexp" 536
"../../../Engine/Content/EngineMaterials/Widget3DPassThrough_Masked.uasset" 537
"../../../Engine/Content/EngineMaterials/Widget3DPassThrough_Masked.uexp" 538
"../../../Engine/Content/EngineMaterials/Widget3DPassThrough_Opaque.uasset" 539
"../../../Engine/Content/EngineMaterials/Widget3DPassThrough_Opaque.uexp" 540
"../../../Engine/Content/EngineMaterials/Widget3DPassThrough_Masked_OneSided.uasset" 541
"../../../Engine/Content/EngineMaterials/Widget3DPassThrough_Masked_OneSided.uexp" 542
"../../../Engine/Content/EngineMaterials/Widget3DPassThrough_Opaque_OneSided.uasset" 543
"../../../Engine/Content/EngineMaterials/Widget3DPassThrough_Opaque_OneSided.uexp" 544
"../../../Engine/Content/EngineMaterials/Widget3DPassThrough_Translucent.uasset" 545
"../../../Engine/Content/EngineMaterials/Widget3DPassThrough_Translucent.uexp" 546
"../../../Engine/Content/EngineMaterials/Widget3DPassThrough_Translucent_OneSided.uasset" 547
"../../../Engine/Content/EngineMaterials/Widget3DPassThrough_Translucent_OneSided.uexp" 548
"../../../Engine/Plugins/Interchange/Assets/Content/Substrate/MX_SimpleVolume.uasset" 549
"../../../Engine/Plugins/Interchange/Assets/Content/Substrate/MX_SimpleVolume.uexp" 550
"../../../Engine/Plugins/Interchange/Assets/Content/Functions/MX_AbsorptionVDF.uasset" 551
"../../../Engine/Plugins/Interchange/Assets/Content/Functions/MX_AbsorptionVDF.uexp" 552
"../../../Engine/Plugins/Interchange/Assets/Content/Functions/MX_AnisotropicVDF.uasset" 553
"../../../Engine/Plugins/Interchange/Assets/Content/Functions/MX_AnisotropicVDF.uexp" 554
"../../../Engine/Content/EditorMaterials/PhAT_NoCollisionMaterial.uasset" 555
"../../../Engine/Content/EditorMaterials/PhAT_NoCollisionMaterial.uexp" 556
"../../../Engine/Plugins/Animation/DeformerGraph/Content/DeformerFunctions/DG_Function_LinearBlendSkin_Morph_Cloth.uasset" 557
"../../../Engine/Plugins/Animation/DeformerGraph/Content/DeformerFunctions/DG_Function_LinearBlendSkin_Morph_Cloth.uexp" 558
"../../../Engine/Plugins/Animation/DeformerGraph/Content/Deformers/DG_LinearBlendSkin_Morph_Cloth.uasset" 559
"../../../Engine/Plugins/Animation/DeformerGraph/Content/Deformers/DG_LinearBlendSkin_Morph_Cloth.uexp" 560
"../../../Engine/Content/EditorMaterials/PhAT_UnselectedMaterial.uasset" 561
"../../../Engine/Content/EditorMaterials/PhAT_UnselectedMaterial.uexp" 562
"../../../Engine/Plugins/Animation/DeformerGraph/Content/DeformerFunctions/DG_Function_ComputeNormalsTangents.uasset" 563
"../../../Engine/Plugins/Animation/DeformerGraph/Content/DeformerFunctions/DG_Function_ComputeNormalsTangents.uexp" 564
"../../../Engine/Plugins/Animation/DeformerGraph/Content/DeformerFunctions/DG_Function_LinearBlendSkin_Morph_Cloth_PositionOnly.uasset" 565
"../../../Engine/Plugins/Animation/DeformerGraph/Content/DeformerFunctions/DG_Function_LinearBlendSkin_Morph_Cloth_PositionOnly.uexp" 566
"../../../Engine/Plugins/Animation/DeformerGraph/Content/Deformers/DG_LinearBlendSkin_Morph_Cloth_RecomputeNormals.uasset" 567
"../../../Engine/Plugins/Animation/DeformerGraph/Content/Deformers/DG_LinearBlendSkin_Morph_Cloth_RecomputeNormals.uexp" 568
"../../../Engine/Plugins/Interchange/Assets/Content/Functions/MX_BurleyDiffuseBSDF.uasset" 569
"../../../Engine/Plugins/Interchange/Assets/Content/Functions/MX_BurleyDiffuseBSDF.uexp" 570
"../../../Engine/Content/EditorMaterials/PreviewShadowIndicator.ubulk" 571
"../../../Engine/Content/EditorMaterials/PreviewShadowIndicator.uasset" 572
"../../../Engine/Content/EditorMaterials/PreviewShadowIndicator.uexp" 573
"../../../Engine/Content/EditorMaterials/PreviewShadowIndicatorMaterial.uasset" 574
"../../../Engine/Content/EditorMaterials/PreviewShadowIndicatorMaterial.uexp" 575
"../../../Engine/Plugins/Interchange/Assets/Content/Functions/MX_ChiangHairBSDF.uasset" 576
"../../../Engine/Plugins/Interchange/Assets/Content/Functions/MX_ChiangHairBSDF.uexp" 577
"../../../Engine/Content/EngineMeshes/Sphere.ubulk" 578
"../../../Engine/Content/EngineMeshes/Sphere.uasset" 579
"../../../Engine/Content/EngineMeshes/Sphere.uexp" 580
"../../../Engine/Plugins/Interchange/Assets/Content/Functions/MX_ConductorBSDF.uasset" 581
"../../../Engine/Plugins/Interchange/Assets/Content/Functions/MX_ConductorBSDF.uexp" 582
"../../../Engine/Plugins/Interchange/Assets/Content/Functions/MX_ConicalEDF.uasset" 583
"../../../Engine/Plugins/Interchange/Assets/Content/Functions/MX_ConicalEDF.uexp" 584
"../../../Engine/Plugins/Interchange/Assets/Content/Functions/MX_DielectricBSDF.uasset" 585
"../../../Engine/Plugins/Interchange/Assets/Content/Functions/MX_DielectricBSDF.uexp" 586
"../../../Engine/Plugins/Interchange/Assets/Content/Functions/MX_Displacement.uasset" 587
"../../../Engine/Plugins/Interchange/Assets/Content/Functions/MX_Displacement.uexp" 588
"../../../Engine/Plugins/Interchange/Assets/Content/Functions/MX_GeneralizedSchlickBSDF.uasset" 589
"../../../Engine/Plugins/Interchange/Assets/Content/Functions/MX_GeneralizedSchlickBSDF.uexp" 590
"../../../Engine/Content/Functions/Engine_MaterialFunctions02/SplitComponents.uasset" 591
"../../../Engine/Content/Functions/Engine_MaterialFunctions02/SplitComponents.uexp" 592
"../../../Engine/Content/Functions/Engine_MaterialFunctions02/Utility/BreakOutFloat3Components.uasset" 593
"../../../Engine/Content/Functions/Engine_MaterialFunctions02/Utility/BreakOutFloat3Components.uexp" 594
"../../../Engine/Content/Functions/Engine_MaterialFunctions02/Math/Transform3x3Matrix.uasset" 595
"../../../Engine/Content/Functions/Engine_MaterialFunctions02/Math/Transform3x3Matrix.uexp" 596
"../../../Engine/Content/VREditor/SnapGrid/SnapGridMaterial.uasset" 597
"../../../Engine/Content/VREditor/SnapGrid/SnapGridMaterial.uexp" 598
"../../../Engine/Content/VREditor/SnapGrid/SnapGridPlaneMesh.ubulk" 599
"../../../Engine/Content/VREditor/SnapGrid/SnapGridPlaneMesh.uasset" 600
"../../../Engine/Content/VREditor/SnapGrid/SnapGridPlaneMesh.uexp" 601
"../../../Engine/Content/VREditor/LaserPointer/VR_LaserPower_01.ubulk" 602
"../../../Engine/Content/VREditor/LaserPointer/VR_LaserPower_01.uasset" 603
"../../../Engine/Content/VREditor/LaserPointer/VR_LaserPower_01.uexp" 604
"../../../Engine/Content/VREditor/TransformGizmo/TransformGizmoMaterial.uasset" 605
"../../../Engine/Content/VREditor/TransformGizmo/TransformGizmoMaterial.uexp" 606
"../../../Engine/Content/VREditor/TransformGizmo/TranslucentTransformGizmoMaterial.uasset" 607
"../../../Engine/Content/VREditor/TransformGizmo/TranslucentTransformGizmoMaterial.uexp" 608
"../../../Engine/Content/VREditor/TransformGizmo/PlaneTranslationHandle.ubulk" 609
"../../../Engine/Content/VREditor/TransformGizmo/PlaneTranslationHandle.uasset" 610
"../../../Engine/Content/VREditor/TransformGizmo/PlaneTranslationHandle.uexp" 611
"../../../Engine/Content/VREditor/TransformGizmo/RotationHandleFull.ubulk" 612
"../../../Engine/Content/VREditor/TransformGizmo/RotationHandleFull.uasset" 613
"../../../Engine/Content/VREditor/TransformGizmo/RotationHandleFull.uexp" 614
"../../../Engine/Content/VREditor/TransformGizmo/RotationHandleIndicator.ubulk" 615
"../../../Engine/Content/VREditor/TransformGizmo/RotationHandleIndicator.uasset" 616
"../../../Engine/Content/VREditor/TransformGizmo/RotationHandleIndicator.uexp" 617
"../../../Engine/Content/VREditor/TransformGizmo/RotationHandleQuarter.ubulk" 618
"../../../Engine/Content/VREditor/TransformGizmo/RotationHandleQuarter.uasset" 619
"../../../Engine/Content/VREditor/TransformGizmo/RotationHandleQuarter.uexp" 620
"../../../Engine/Content/VREditor/TransformGizmo/StartRotationHandleIndicator.ubulk" 621
"../../../Engine/Content/VREditor/TransformGizmo/StartRotationHandleIndicator.uasset" 622
"../../../Engine/Content/VREditor/TransformGizmo/StartRotationHandleIndicator.uexp" 623
"../../../Engine/Content/VREditor/TransformGizmo/TranslucentTransformGizmoMaterial_Inst.uasset" 624
"../../../Engine/Content/VREditor/TransformGizmo/TranslucentTransformGizmoMaterial_Inst.uexp" 625
"../../../Engine/Content/VREditor/TransformGizmo/TransformGizmoFreeRotation.ubulk" 626
"../../../Engine/Content/VREditor/TransformGizmo/TransformGizmoFreeRotation.uasset" 627
"../../../Engine/Content/VREditor/TransformGizmo/TransformGizmoFreeRotation.uexp" 628
"../../../Engine/Content/VREditor/TransformGizmo/TransformGizmoMaterial_Inst.uasset" 629
"../../../Engine/Content/VREditor/TransformGizmo/TransformGizmoMaterial_Inst.uexp" 630
"../../../Engine/Content/VREditor/TransformGizmo/TranslateArrowHandle.ubulk" 631
"../../../Engine/Content/VREditor/TransformGizmo/TranslateArrowHandle.uasset" 632
"../../../Engine/Content/VREditor/TransformGizmo/TranslateArrowHandle.uexp" 633
"../../../Engine/Content/VREditor/TransformGizmo/UniformScaleHandle.ubulk" 634
"../../../Engine/Content/VREditor/TransformGizmo/UniformScaleHandle.uasset" 635
"../../../Engine/Content/VREditor/TransformGizmo/UniformScaleHandle.uexp" 636
"../../../Engine/Content/VREditor/Sounds/UI/Drop_Item_From_ContentBrowser.ubulk" 637
"../../../Engine/Content/VREditor/Sounds/UI/Drop_Item_From_ContentBrowser.uasset" 638
"../../../Engine/Content/VREditor/Sounds/UI/Drop_Item_From_ContentBrowser.uexp" 639
"../../../Engine/Content/VREditor/Sounds/UI/Gizmo_Handle_Clicked.ubulk" 640
"../../../Engine/Content/VREditor/Sounds/UI/Gizmo_Handle_Clicked.uasset" 641
"../../../Engine/Content/VREditor/Sounds/UI/Gizmo_Handle_Clicked.uexp" 642
"../../../Engine/Content/VREditor/Sounds/UI/Object_PickUp.ubulk" 643
"../../../Engine/Content/VREditor/Sounds/UI/Object_PickUp.uasset" 644
"../../../Engine/Content/VREditor/Sounds/UI/Object_PickUp.uexp" 645
"../../../Engine/Content/VREditor/Sounds/UI/Object_Snaps_To_Another_Actor.ubulk" 646
"../../../Engine/Content/VREditor/Sounds/UI/Object_Snaps_To_Another_Actor.uasset" 647
"../../../Engine/Content/VREditor/Sounds/UI/Object_Snaps_To_Another_Actor.uexp" 648
"../../../Engine/Content/VREditor/Sounds/UI/Object_Snaps_To_Grid.ubulk" 649
"../../../Engine/Content/VREditor/Sounds/UI/Object_Snaps_To_Grid.uasset" 650
"../../../Engine/Content/VREditor/Sounds/UI/Object_Snaps_To_Grid.uexp" 651
"../../../Engine/Content/VREditor/Sounds/UI/Scaling_Down.ubulk" 652
"../../../Engine/Content/VREditor/Sounds/UI/Scaling_Down.uasset" 653
"../../../Engine/Content/VREditor/Sounds/UI/Scaling_Down.uexp" 654
"../../../Engine/Content/VREditor/Sounds/UI/Scaling_Up.ubulk" 655
"../../../Engine/Content/VREditor/Sounds/UI/Scaling_Up.uasset" 656
"../../../Engine/Content/VREditor/Sounds/UI/Scaling_Up.uexp" 657
"../../../Engine/Content/VREditor/Sounds/UI/Selection_Changes.ubulk" 658
"../../../Engine/Content/VREditor/Sounds/UI/Selection_Changes.uasset" 659
"../../../Engine/Content/VREditor/Sounds/UI/Selection_Changes.uexp" 660
"../../../Engine/Plugins/2D/Paper2D/Content/DefaultSpriteMaterial.uasset" 661
"../../../Engine/Plugins/2D/Paper2D/Content/DefaultSpriteMaterial.uexp" 662
"../../../Engine/Plugins/2D/Paper2D/Content/MaskedUnlitSpriteMaterial.uasset" 663
"../../../Engine/Plugins/2D/Paper2D/Content/MaskedUnlitSpriteMaterial.uexp" 664
"../../../Engine/Plugins/2D/Paper2D/Content/OpaqueUnlitSpriteMaterial.uasset" 665
"../../../Engine/Plugins/2D/Paper2D/Content/OpaqueUnlitSpriteMaterial.uexp" 666
"../../../Engine/Plugins/Interchange/Assets/Content/Functions/MX_MeasuredEDF.uasset" 667
"../../../Engine/Plugins/Interchange/Assets/Content/Functions/MX_MeasuredEDF.uexp" 668
"../../../Engine/Plugins/Interchange/Assets/Content/Functions/MF_IridescenceNoLUT.uasset" 669
"../../../Engine/Plugins/Interchange/Assets/Content/Functions/MF_IridescenceNoLUT.uexp" 670
"../../../Engine/Plugins/Interchange/Assets/Content/Functions/MX_StandardSurface.uasset" 671
"../../../Engine/Plugins/Interchange/Assets/Content/Functions/MX_StandardSurface.uexp" 672
"../../../Engine/Plugins/Interchange/Assets/Content/Functions/MX_OpenPBR_Opaque.uasset" 673
"../../../Engine/Plugins/Interchange/Assets/Content/Functions/MX_OpenPBR_Opaque.uexp" 674
"../../../Engine/Plugins/Interchange/Assets/Content/Functions/MX_TransmissionSurface.uasset" 675
"../../../Engine/Plugins/Interchange/Assets/Content/Functions/MX_TransmissionSurface.uexp" 676
"../../../Engine/Plugins/Interchange/Assets/Content/Functions/MX_OpenPBR_Translucent.uasset" 677
"../../../Engine/Plugins/Interchange/Assets/Content/Functions/MX_OpenPBR_Translucent.uexp" 678
"../../../Engine/Content/Functions/Engine_MaterialFunctions02/WorldPositionOffset/ObjectScale.uasset" 679
"../../../Engine/Content/Functions/Engine_MaterialFunctions02/WorldPositionOffset/ObjectScale.uexp" 680
"../../../Engine/Plugins/Editor/SpeedTreeImporter/Content/SpeedTree9/Empty.uasset" 681
"../../../Engine/Plugins/Editor/SpeedTreeImporter/Content/SpeedTree9/Empty.uexp" 682
"../../../Engine/Plugins/Editor/SpeedTreeImporter/Content/SpeedTree9/EmptyNormal.uasset" 683
"../../../Engine/Plugins/Editor/SpeedTreeImporter/Content/SpeedTree9/EmptyNormal.uexp" 684
"../../../Engine/Plugins/Editor/SpeedTreeImporter/Content/SpeedTree9/game_wind_noise.ubulk" 685
"../../../Engine/Plugins/Editor/SpeedTreeImporter/Content/SpeedTree9/game_wind_noise.uasset" 686
"../../../Engine/Plugins/Editor/SpeedTreeImporter/Content/SpeedTree9/game_wind_noise.uexp" 687
"../../../Engine/Plugins/Editor/SpeedTreeImporter/Content/SpeedTree9/SpeedTreeBillboard.uasset" 688
"../../../Engine/Plugins/Editor/SpeedTreeImporter/Content/SpeedTree9/SpeedTreeBillboard.uexp" 689
"../../../Engine/Content/Functions/Engine_MaterialFunctions02/SafeNormalize.uasset" 690
"../../../Engine/Content/Functions/Engine_MaterialFunctions02/SafeNormalize.uexp" 691
"../../../Engine/Plugins/Editor/SpeedTreeImporter/Content/SpeedTree9/SpeedTreeWindMotion.uasset" 692
"../../../Engine/Plugins/Editor/SpeedTreeImporter/Content/SpeedTree9/SpeedTreeWindMotion.uexp" 693
"../../../Engine/Plugins/Editor/SpeedTreeImporter/Content/SpeedTree9/UnpackDirection.uasset" 694
"../../../Engine/Plugins/Editor/SpeedTreeImporter/Content/SpeedTree9/UnpackDirection.uexp" 695
"../../../Engine/Plugins/Editor/SpeedTreeImporter/Content/SpeedTree9/UnpackInteger3.uasset" 696
"../../../Engine/Plugins/Editor/SpeedTreeImporter/Content/SpeedTree9/UnpackInteger3.uexp" 697
"../../../Engine/Plugins/Editor/SpeedTreeImporter/Content/SpeedTree9/SpeedTreeBranchMotion.uasset" 698
"../../../Engine/Plugins/Editor/SpeedTreeImporter/Content/SpeedTree9/SpeedTreeBranchMotion.uexp" 699
"../../../Engine/Content/Functions/Engine_MaterialFunctions02/ObjectLocalBounds.uasset" 700
"../../../Engine/Content/Functions/Engine_MaterialFunctions02/ObjectLocalBounds.uexp" 701
"../../../Engine/Content/Functions/Engine_MaterialFunctions02/UVs/BoundingBoxBased_0-1_UVW.uasset" 702
"../../../Engine/Content/Functions/Engine_MaterialFunctions02/UVs/BoundingBoxBased_0-1_UVW.uexp" 703
"../../../Engine/Plugins/Editor/SpeedTreeImporter/Content/SpeedTree9/SpeedTreeWind.uasset" 704
"../../../Engine/Plugins/Editor/SpeedTreeImporter/Content/SpeedTree9/SpeedTreeWind.uexp" 705
"../../../Engine/Plugins/Editor/SpeedTreeImporter/Content/SpeedTree9/SpeedTreeBillboardMaster.uasset" 706
"../../../Engine/Plugins/Editor/SpeedTreeImporter/Content/SpeedTree9/SpeedTreeBillboardMaster.uexp" 707
"../../../Engine/Plugins/Interchange/Assets/Content/Functions/MX_OrenNayarBSDF.uasset" 708
"../../../Engine/Plugins/Interchange/Assets/Content/Functions/MX_OrenNayarBSDF.uexp" 709
"../../../Engine/Plugins/Editor/SpeedTreeImporter/Content/SpeedTree9/SpeedTreeCameraFacing.uasset" 710
"../../../Engine/Plugins/Editor/SpeedTreeImporter/Content/SpeedTree9/SpeedTreeCameraFacing.uexp" 711
"../../../Engine/Plugins/Editor/SpeedTreeImporter/Content/SpeedTree9/SpeedTreeMaster.uasset" 712
"../../../Engine/Plugins/Editor/SpeedTreeImporter/Content/SpeedTree9/SpeedTreeMaster.uexp" 713
"../../../Engine/Plugins/Runtime/HairStrands/Content/Materials/HairCardsDefaultMaterial.uasset" 714
"../../../Engine/Plugins/Runtime/HairStrands/Content/Materials/HairCardsDefaultMaterial.uexp" 715
"../../../Engine/Plugins/Interchange/Assets/Content/Functions/MX_SheenBSDF.uasset" 716
"../../../Engine/Plugins/Interchange/Assets/Content/Functions/MX_SheenBSDF.uexp" 717
"../../../Engine/Content/Functions/Engine_MaterialFunctions02/Utility/MakeFloat2.uasset" 718
"../../../Engine/Content/Functions/Engine_MaterialFunctions02/Utility/MakeFloat2.uexp" 719
"../../../Engine/Content/EngineMaterials/HairColorMap.uasset" 720
"../../../Engine/Content/EngineMaterials/HairColorMap.uexp" 721
"../../../Engine/Content/EngineMaterials/HairDebugColor.uasset" 722
"../../../Engine/Content/EngineMaterials/HairDebugColor.uexp" 723
"../../../Engine/Plugins/Runtime/HairStrands/Content/Materials/HairGroupColors.uasset" 724
"../../../Engine/Plugins/Runtime/HairStrands/Content/Materials/HairGroupColors.uexp" 725
"../../../Engine/Plugins/Runtime/HairStrands/Content/Materials/HairDebugMaterial.uasset" 726
"../../../Engine/Plugins/Runtime/HairStrands/Content/Materials/HairDebugMaterial.uexp" 727
"../../../Engine/Plugins/Runtime/HairStrands/Content/Materials/HairDefaultMaterial.uasset" 728
"../../../Engine/Plugins/Runtime/HairStrands/Content/Materials/HairDefaultMaterial.uexp" 729
"../../../Engine/Plugins/Runtime/HairStrands/Content/Materials/HairMeshesDefaultMaterial.uasset" 730
"../../../Engine/Plugins/Runtime/HairStrands/Content/Materials/HairMeshesDefaultMaterial.uexp" 731
"../../../Engine/Content/EngineMaterials/EnergyConservation/Diffuse_Energy.uasset" 732
"../../../Engine/Content/EngineMaterials/EnergyConservation/Diffuse_Energy.uexp" 733
"../../../Engine/Content/EngineMaterials/EnergyConservation/GGX_ReflectionEnergy.uasset" 734
"../../../Engine/Content/EngineMaterials/EnergyConservation/GGX_ReflectionEnergy.uexp" 735
"../../../Engine/Content/EngineMaterials/EnergyConservation/GGX_TransmissionEnergyArray.uasset" 736
"../../../Engine/Content/EngineMaterials/EnergyConservation/GGX_TransmissionEnergyArray.uexp" 737
"../../../Engine/Content/EngineMaterials/EnergyConservation/SheenLegacy_Energy.uasset" 738
"../../../Engine/Content/EngineMaterials/EnergyConservation/SheenLegacy_Energy.uexp" 739
"../../../Engine/Content/EngineMaterials/EnergyConservation/Sheen_Energy.uasset" 740
"../../../Engine/Content/EngineMaterials/EnergyConservation/Sheen_Energy.uexp" 741
"../../../Engine/Content/EngineMaterials/LTC/GGX_LTCAmp.uasset" 742
"../../../Engine/Content/EngineMaterials/LTC/GGX_LTCAmp.uexp" 743
"../../../Engine/Content/EngineMaterials/LTC/GGX_LTCMat.uasset" 744
"../../../Engine/Content/EngineMaterials/LTC/GGX_LTCMat.uexp" 745
"../../../Engine/Content/EngineMaterials/LTC/Sheen_LTC.uasset" 746
"../../../Engine/Content/EngineMaterials/LTC/Sheen_LTC.uexp" 747
"../../../Engine/Content/EditorMaterials/ParticleSystems/PSysThumbnail_NoImage.ubulk" 748
"../../../Engine/Content/EditorMaterials/ParticleSystems/PSysThumbnail_NoImage.uasset" 749
"../../../Engine/Content/EditorMaterials/ParticleSystems/PSysThumbnail_NoImage.uexp" 750
"../../../Engine/Content/EngineResources/Development/ZenLogo_64.uasset" 751
"../../../Engine/Content/EngineResources/Development/ZenLogo_64.uexp" 752
"../../../Engine/Content/EditorMaterials/ParticleSystems/PSysThumbnail_OOD.ubulk" 753
"../../../Engine/Content/EditorMaterials/ParticleSystems/PSysThumbnail_OOD.uasset" 754
"../../../Engine/Content/EditorMaterials/ParticleSystems/PSysThumbnail_OOD.uexp" 755
"../../../Engine/Content/EngineResources/FilmGrains/Marcie_Grain_v3_128_M2_000.uasset" 756
"../../../Engine/Content/EngineResources/FilmGrains/Marcie_Grain_v3_128_M2_000.uexp" 757
"../../../Engine/Content/EditorMaterials/Camera/CineMat.uasset" 758
"../../../Engine/Content/EditorMaterials/Camera/CineMat.uexp" 759
"../../../Engine/Content/EditorMaterials/Camera/MI_CineMat_Rig.uasset" 760
"../../../Engine/Content/EditorMaterials/Camera/MI_CineMat_Rig.uexp" 761
"../../../Engine/Content/EditorMeshes/Camera/SM_CraneRig_Arm.ubulk" 762
"../../../Engine/Content/EditorMeshes/Camera/SM_CraneRig_Arm.uasset" 763
"../../../Engine/Content/EditorMeshes/Camera/SM_CraneRig_Arm.uexp" 764
"../../../Engine/Content/EditorMeshes/Camera/SM_CraneRig_Base.ubulk" 765
"../../../Engine/Content/EditorMeshes/Camera/SM_CraneRig_Base.uasset" 766
"../../../Engine/Content/EditorMeshes/Camera/SM_CraneRig_Base.uexp" 767
"../../../Engine/Content/EditorMeshes/Camera/SM_CraneRig_Body.ubulk" 768
"../../../Engine/Content/EditorMeshes/Camera/SM_CraneRig_Body.uasset" 769
"../../../Engine/Content/EditorMeshes/Camera/SM_CraneRig_Body.uexp" 770
"../../../Engine/Content/EditorMeshes/Camera/SM_CraneRig_Mount.ubulk" 771
"../../../Engine/Content/EditorMeshes/Camera/SM_CraneRig_Mount.uasset" 772
"../../../Engine/Content/EditorMeshes/Camera/SM_CraneRig_Mount.uexp" 773
"../../../Engine/Content/EditorMeshes/Camera/SM_RailRig_Mount.ubulk" 774
"../../../Engine/Content/EditorMeshes/Camera/SM_RailRig_Mount.uasset" 775
"../../../Engine/Content/EditorMeshes/Camera/SM_RailRig_Mount.uexp" 776
"../../../Engine/Content/EditorMaterials/Dataflow/DataflowTwoSidedVertexMaterial.uasset" 777
"../../../Engine/Content/EditorMaterials/Dataflow/DataflowTwoSidedVertexMaterial.uexp" 778
"../../../Engine/Content/EditorMeshes/Camera/SM_RailRig_Track.ubulk" 779
"../../../Engine/Content/EditorMeshes/Camera/SM_RailRig_Track.uasset" 780
"../../../Engine/Content/EditorMeshes/Camera/SM_RailRig_Track.uexp" 781
"../../../Engine/Content/EditorMaterials/Dataflow/DataflowVertexMaterial.uasset" 782
"../../../Engine/Content/EditorMaterials/Dataflow/DataflowVertexMaterial.uexp" 783
"../../../Engine/Content/VREditor/TransformGizmo/BoundingBoxCorner.ubulk" 784
"../../../Engine/Content/VREditor/TransformGizmo/BoundingBoxCorner.uasset" 785
"../../../Engine/Content/VREditor/TransformGizmo/BoundingBoxCorner.uexp" 786
"../../../Engine/Content/VREditor/TransformGizmo/BoundingBoxEdge.ubulk" 787
"../../../Engine/Content/VREditor/TransformGizmo/BoundingBoxEdge.uasset" 788
"../../../Engine/Content/VREditor/TransformGizmo/BoundingBoxEdge.uexp" 789
"../../../Engine/Content/EditorResources/SequenceRecorder/Countdown.uasset" 790
"../../../Engine/Content/EditorResources/SequenceRecorder/Countdown.uexp" 791
"../../../Engine/Content/EditorResources/SequenceRecorder/RecordingIndicator.uasset" 792
"../../../Engine/Content/EditorResources/SequenceRecorder/RecordingIndicator.uexp" 793
"../../../Engine/Content/ArtTools/RenderToTexture/Meshes/S_1_Unit_Plane.ubulk" 794
"../../../Engine/Content/ArtTools/RenderToTexture/Meshes/S_1_Unit_Plane.uasset" 795
"../../../Engine/Content/ArtTools/RenderToTexture/Meshes/S_1_Unit_Plane.uexp" 796
"../../../Engine/Content/Functions/Engine_MaterialFunctions01/Texturing/FlattenNormal.uasset" 797
"../../../Engine/Content/Functions/Engine_MaterialFunctions01/Texturing/FlattenNormal.uexp" 798
"../../../Engine/Plugins/Interchange/Assets/Content/Utilities/New_LUT.uasset" 799
"../../../Engine/Plugins/Interchange/Assets/Content/Utilities/New_LUT.uexp" 800
"../../../Engine/Content/Functions/Engine_MaterialFunctions03/Math/RemapValueRange.uasset" 801
"../../../Engine/Content/Functions/Engine_MaterialFunctions03/Math/RemapValueRange.uexp" 802
"../../../Engine/Plugins/Interchange/Assets/Content/Functions/MF_Iridescence.uasset" 803
"../../../Engine/Plugins/Interchange/Assets/Content/Functions/MF_Iridescence.uexp" 804
"../../../Engine/Plugins/Interchange/Assets/Content/gltf/Textures/T_White_srgb.uasset" 805
"../../../Engine/Plugins/Interchange/Assets/Content/gltf/Textures/T_White_srgb.uexp" 806
"../../../Engine/Plugins/Interchange/Assets/Content/gltf/MaterialFunctions/MF_BaseColor.uasset" 807
"../../../Engine/Plugins/Interchange/Assets/Content/gltf/MaterialFunctions/MF_BaseColor.uexp" 808
"../../../Engine/Plugins/Interchange/Assets/Content/gltf/MaterialFunctions/MF_RotateNormals_TS.uasset" 809
"../../../Engine/Plugins/Interchange/Assets/Content/gltf/MaterialFunctions/MF_RotateNormals_TS.uexp" 810
"../../../Engine/Plugins/Interchange/Assets/Content/gltf/Textures/T_Generic_N.uasset" 811
"../../../Engine/Plugins/Interchange/Assets/Content/gltf/Textures/T_Generic_N.uexp" 812
"../../../Engine/Plugins/Interchange/Assets/Content/gltf/Textures/T_White_Linear.uasset" 813
"../../../Engine/Plugins/Interchange/Assets/Content/gltf/Textures/T_White_Linear.uexp" 814
"../../../Engine/Plugins/Interchange/Assets/Content/gltf/MaterialFunctions/MF_Clearcoat.uasset" 815
"../../../Engine/Plugins/Interchange/Assets/Content/gltf/MaterialFunctions/MF_Clearcoat.uexp" 816
"../../../Engine/Plugins/Interchange/Assets/Content/gltf/MaterialFunctions/MF_Emissive.uasset" 817
"../../../Engine/Plugins/Interchange/Assets/Content/gltf/MaterialFunctions/MF_Emissive.uexp" 818
"../../../Engine/Plugins/Interchange/Assets/Content/gltf/MaterialFunctions/MF_IOR.uasset" 819
"../../../Engine/Plugins/Interchange/Assets/Content/gltf/MaterialFunctions/MF_IOR.uexp" 820
"../../../Engine/Plugins/Interchange/Assets/Content/gltf/MaterialFunctions/MF_Iridescence.uasset" 821
"../../../Engine/Plugins/Interchange/Assets/Content/gltf/MaterialFunctions/MF_Iridescence.uexp" 822
"../../../Engine/Plugins/Interchange/Assets/Content/gltf/MaterialFunctions/MF_MetallicRoughness.uasset" 823
"../../../Engine/Plugins/Interchange/Assets/Content/gltf/MaterialFunctions/MF_MetallicRoughness.uexp" 824
"../../../Engine/Plugins/Interchange/Assets/Content/gltf/MaterialFunctions/MF_ScaleNormal.uasset" 825
"../../../Engine/Plugins/Interchange/Assets/Content/gltf/MaterialFunctions/MF_ScaleNormal.uexp" 826
"../../../Engine/Plugins/Interchange/Assets/Content/gltf/MaterialFunctions/MF_Normals.uasset" 827
"../../../Engine/Plugins/Interchange/Assets/Content/gltf/MaterialFunctions/MF_Normals.uexp" 828
"../../../Engine/Plugins/Interchange/Assets/Content/gltf/MaterialFunctions/MF_Occlusion.uasset" 829
"../../../Engine/Plugins/Interchange/Assets/Content/gltf/MaterialFunctions/MF_Occlusion.uexp" 830
"../../../Engine/Plugins/Interchange/Assets/Content/gltf/MaterialFunctions/MF_Specular.uasset" 831
"../../../Engine/Plugins/Interchange/Assets/Content/gltf/MaterialFunctions/MF_Specular.uexp" 832
"../../../Engine/Plugins/Interchange/Assets/Content/gltf/Textures/T_Anisotropy_Direction_Linear.uasset" 833
"../../../Engine/Plugins/Interchange/Assets/Content/gltf/Textures/T_Anisotropy_Direction_Linear.uexp" 834
"../../../Engine/Plugins/Interchange/Assets/Content/gltf/MaterialFunctions/MF_SpecularAnisotropy.uasset" 835
"../../../Engine/Plugins/Interchange/Assets/Content/gltf/MaterialFunctions/MF_SpecularAnisotropy.uexp" 836
"../../../Engine/Plugins/Interchange/Assets/Content/gltf/MaterialFunctions/MF_RotateV2.uasset" 837
"../../../Engine/Plugins/Interchange/Assets/Content/gltf/MaterialFunctions/MF_RotateV2.uexp" 838
"../../../Engine/Plugins/Interchange/Assets/Content/gltf/MaterialFunctions/MF_TransformUVs.uasset" 839
"../../../Engine/Plugins/Interchange/Assets/Content/gltf/MaterialFunctions/MF_TransformUVs.uexp" 840
"../../../Engine/Plugins/Interchange/Assets/Content/gltf/MaterialBodies/MF_ClearCoat_Body.uasset" 841
"../../../Engine/Plugins/Interchange/Assets/Content/gltf/MaterialBodies/MF_ClearCoat_Body.uexp" 842
"../../../Engine/Plugins/Interchange/Assets/Content/gltf/M_ClearCoat.uasset" 843
"../../../Engine/Plugins/Interchange/Assets/Content/gltf/M_ClearCoat.uexp" 844
"../../../Engine/Plugins/Interchange/Assets/Content/gltf/MaterialInstances/MI_ClearCoat_Blend.uasset" 845
"../../../Engine/Plugins/Interchange/Assets/Content/gltf/MaterialInstances/MI_ClearCoat_Blend.uexp" 846
"../../../Engine/Plugins/Interchange/Assets/Content/gltf/MaterialInstances/MI_ClearCoat_Blend_DS.uasset" 847
"../../../Engine/Plugins/Interchange/Assets/Content/gltf/MaterialInstances/MI_ClearCoat_Blend_DS.uexp" 848
"../../../Engine/Plugins/Interchange/Assets/Content/gltf/MaterialInstances/MI_ClearCoat_Mask.uasset" 849
"../../../Engine/Plugins/Interchange/Assets/Content/gltf/MaterialInstances/MI_ClearCoat_Mask.uexp" 850
"../../../Engine/Plugins/Interchange/Assets/Content/gltf/MaterialInstances/MI_ClearCoat_Mask_DS.uasset" 851
"../../../Engine/Plugins/Interchange/Assets/Content/gltf/MaterialInstances/MI_ClearCoat_Mask_DS.uexp" 852
"../../../Engine/Plugins/Interchange/Assets/Content/gltf/MaterialInstances/MI_ClearCoat_Opaque.uasset" 853
"../../../Engine/Plugins/Interchange/Assets/Content/gltf/MaterialInstances/MI_ClearCoat_Opaque.uexp" 854
"../../../Engine/Plugins/Interchange/Assets/Content/gltf/MaterialInstances/MI_ClearCoat_Opaque_DS.uasset" 855
"../../../Engine/Plugins/Interchange/Assets/Content/gltf/MaterialInstances/MI_ClearCoat_Opaque_DS.uexp" 856
"../../../Engine/Content/EngineMaterials/Substrate/GLints/AGlintTex2dArray.uasset" 857
"../../../Engine/Content/EngineMaterials/Substrate/GLints/AGlintTex2dArray.uexp" 858
"../../../Engine/Plugins/Interchange/Assets/Content/gltf/MaterialBodies/MF_Default_Body.uasset" 859
"../../../Engine/Plugins/Interchange/Assets/Content/gltf/MaterialBodies/MF_Default_Body.uexp" 860
"../../../Engine/Plugins/Interchange/Assets/Content/gltf/M_Default.uasset" 861
"../../../Engine/Plugins/Interchange/Assets/Content/gltf/M_Default.uexp" 862
"../../../Engine/Plugins/Interchange/Assets/Content/gltf/MaterialInstances/MI_Default_Blend.uasset" 863
"../../../Engine/Plugins/Interchange/Assets/Content/gltf/MaterialInstances/MI_Default_Blend.uexp" 864
"../../../Engine/Plugins/Interchange/Assets/Content/gltf/MaterialInstances/MI_Default_Blend_DS.uasset" 865
"../../../Engine/Plugins/Interchange/Assets/Content/gltf/MaterialInstances/MI_Default_Blend_DS.uexp" 866
"../../../Engine/Plugins/Interchange/Assets/Content/gltf/MaterialInstances/MI_Default_Mask.uasset" 867
"../../../Engine/Plugins/Interchange/Assets/Content/gltf/MaterialInstances/MI_Default_Mask.uexp" 868
"../../../Engine/Plugins/Interchange/Assets/Content/gltf/MaterialInstances/MI_Default_Mask_DS.uasset" 869
"../../../Engine/Plugins/Interchange/Assets/Content/gltf/MaterialInstances/MI_Default_Mask_DS.uexp" 870
"../../../Engine/Plugins/Interchange/Assets/Content/gltf/MaterialInstances/MI_Default_Opaque.uasset" 871
"../../../Engine/Plugins/Interchange/Assets/Content/gltf/MaterialInstances/MI_Default_Opaque.uexp" 872
"../../../Engine/Plugins/Interchange/Assets/Content/gltf/MaterialFunctions/MF_Sheen.uasset" 873
"../../../Engine/Plugins/Interchange/Assets/Content/gltf/MaterialFunctions/MF_Sheen.uexp" 874
"../../../Engine/Plugins/Interchange/Assets/Content/gltf/MaterialBodies/MF_Sheen_Body.uasset" 875
"../../../Engine/Plugins/Interchange/Assets/Content/gltf/MaterialBodies/MF_Sheen_Body.uexp" 876
"../../../Engine/Plugins/Interchange/Assets/Content/gltf/M_Sheen.uasset" 877
"../../../Engine/Plugins/Interchange/Assets/Content/gltf/M_Sheen.uexp" 878
"../../../Engine/Plugins/Interchange/Assets/Content/gltf/MaterialInstances/MI_Sheen_Blend.uasset" 879
"../../../Engine/Plugins/Interchange/Assets/Content/gltf/MaterialInstances/MI_Sheen_Blend.uexp" 880
"../../../Engine/Plugins/Interchange/Assets/Content/gltf/MaterialInstances/MI_Sheen_Blend_DS.uasset" 881
"../../../Engine/Plugins/Interchange/Assets/Content/gltf/MaterialInstances/MI_Sheen_Blend_DS.uexp" 882
"../../../Engine/Plugins/Interchange/Assets/Content/gltf/MaterialInstances/MI_Sheen_Mask.uasset" 883
"../../../Engine/Plugins/Interchange/Assets/Content/gltf/MaterialInstances/MI_Sheen_Mask.uexp" 884
"../../../Engine/Plugins/Interchange/Assets/Content/gltf/MaterialInstances/MI_Sheen_Mask_DS.uasset" 885
"../../../Engine/Plugins/Interchange/Assets/Content/gltf/MaterialInstances/MI_Sheen_Mask_DS.uexp" 886
"../../../Engine/Plugins/Interchange/Assets/Content/gltf/MaterialInstances/MI_Sheen_Opaque.uasset" 887
"../../../Engine/Plugins/Interchange/Assets/Content/gltf/MaterialInstances/MI_Sheen_Opaque.uexp" 888
"../../../Engine/Plugins/Interchange/Assets/Content/gltf/MaterialInstances/MI_Sheen_Opaque_DS.uasset" 889
"../../../Engine/Plugins/Interchange/Assets/Content/gltf/MaterialInstances/MI_Sheen_Opaque_DS.uexp" 890
"../../../Engine/Plugins/Interchange/Assets/Content/gltf/MaterialFunctions/MF_DiffuseSpecGloss.uasset" 891
"../../../Engine/Plugins/Interchange/Assets/Content/gltf/MaterialFunctions/MF_DiffuseSpecGloss.uexp" 892
"../../../Engine/Plugins/Interchange/Assets/Content/gltf/MaterialFunctions/MF_MaxComponentValue.uasset" 893
"../../../Engine/Plugins/Interchange/Assets/Content/gltf/MaterialFunctions/MF_MaxComponentValue.uexp" 894
"../../../Engine/Content/Functions/Engine_MaterialFunctions02/Math/AddComponents.uasset" 895
"../../../Engine/Content/Functions/Engine_MaterialFunctions02/Math/AddComponents.uexp" 896
"../../../Engine/Plugins/Interchange/Assets/Content/gltf/MaterialFunctions/MF_PerceivedBrightness.uasset" 897
"../../../Engine/Plugins/Interchange/Assets/Content/gltf/MaterialFunctions/MF_PerceivedBrightness.uexp" 898
"../../../Engine/Plugins/Interchange/Assets/Content/gltf/MaterialFunctions/MF_SpecGlossToMetalRoughness.uasset" 899
"../../../Engine/Plugins/Interchange/Assets/Content/gltf/MaterialFunctions/MF_SpecGlossToMetalRoughness.uexp" 900
"../../../Engine/Plugins/Interchange/Assets/Content/gltf/MaterialBodies/MF_SpecularGlossiness_Body.uasset" 901
"../../../Engine/Plugins/Interchange/Assets/Content/gltf/MaterialBodies/MF_SpecularGlossiness_Body.uexp" 902
"../../../Engine/Plugins/Interchange/Assets/Content/gltf/M_SpecularGlossiness.uasset" 903
"../../../Engine/Plugins/Interchange/Assets/Content/gltf/M_SpecularGlossiness.uexp" 904
"../../../Engine/Plugins/Interchange/Assets/Content/gltf/MaterialInstances/MI_SpecularGlossiness_Blend.uasset" 905
"../../../Engine/Plugins/Interchange/Assets/Content/gltf/MaterialInstances/MI_SpecularGlossiness_Blend.uexp" 906
"../../../Engine/Plugins/Interchange/Assets/Content/gltf/MaterialInstances/MI_SpecularGlossiness_Blend_DS.uasset" 907
"../../../Engine/Plugins/Interchange/Assets/Content/gltf/MaterialInstances/MI_SpecularGlossiness_Blend_DS.uexp" 908
"../../../Engine/Plugins/Interchange/Assets/Content/gltf/MaterialInstances/MI_SpecularGlossiness_Mask.uasset" 909
"../../../Engine/Plugins/Interchange/Assets/Content/gltf/MaterialInstances/MI_SpecularGlossiness_Mask.uexp" 910
"../../../Engine/Plugins/Interchange/Assets/Content/gltf/MaterialInstances/MI_SpecularGlossiness_Mask_DS.uasset" 911
"../../../Engine/Plugins/Interchange/Assets/Content/gltf/MaterialInstances/MI_SpecularGlossiness_Mask_DS.uexp" 912
"../../../Engine/Plugins/Interchange/Assets/Content/gltf/MaterialInstances/MI_SpecularGlossiness_Opaque.uasset" 913
"../../../Engine/Plugins/Interchange/Assets/Content/gltf/MaterialInstances/MI_SpecularGlossiness_Opaque.uexp" 914
"../../../Engine/Plugins/Interchange/Assets/Content/gltf/MaterialInstances/MI_SpecularGlossiness_Opaque_DS.uasset" 915
"../../../Engine/Plugins/Interchange/Assets/Content/gltf/MaterialInstances/MI_SpecularGlossiness_Opaque_DS.uexp" 916
"../../../Engine/Content/EngineMaterials/Good64x64TilingNoiseHighFreq.uasset" 917
"../../../Engine/Content/EngineMaterials/Good64x64TilingNoiseHighFreq.uexp" 918
"../../../Engine/Content/Functions/Engine_MaterialFunctions02/Texturing/ScreenAlignedPixelToPixelUVs.uasset" 919
"../../../Engine/Content/Functions/Engine_MaterialFunctions02/Texturing/ScreenAlignedPixelToPixelUVs.uexp" 920
"../../../Engine/Plugins/Interchange/Assets/Content/gltf/MaterialFunctions/MF_Fresnel_DS.uasset" 921
"../../../Engine/Plugins/Interchange/Assets/Content/gltf/MaterialFunctions/MF_Fresnel_DS.uexp" 922
"../../../Engine/Plugins/Interchange/Assets/Content/gltf/MaterialFunctions/MF_Temporal_Blur.uasset" 923
"../../../Engine/Plugins/Interchange/Assets/Content/gltf/MaterialFunctions/MF_Temporal_Blur.uexp" 924
"../../../Engine/Plugins/Interchange/Assets/Content/gltf/MaterialFunctions/MF_Transmission.uasset" 925
"../../../Engine/Plugins/Interchange/Assets/Content/gltf/MaterialFunctions/MF_Transmission.uexp" 926
"../../../Engine/Plugins/Interchange/Assets/Content/gltf/MaterialBodies/MF_Transmission_Body.uasset" 927
"../../../Engine/Plugins/Interchange/Assets/Content/gltf/MaterialBodies/MF_Transmission_Body.uexp" 928
"../../../Engine/Plugins/Interchange/Assets/Content/gltf/M_Transmission.uasset" 929
"../../../Engine/Plugins/Interchange/Assets/Content/gltf/M_Transmission.uexp" 930
"../../../Engine/Plugins/Interchange/Assets/Content/gltf/MaterialInstances/MI_Transmission.uasset" 931
"../../../Engine/Plugins/Interchange/Assets/Content/gltf/MaterialInstances/MI_Transmission.uexp" 932
"../../../Engine/Plugins/Interchange/Assets/Content/gltf/MaterialInstances/MI_Transmission_DS.uasset" 933
"../../../Engine/Plugins/Interchange/Assets/Content/gltf/MaterialInstances/MI_Transmission_DS.uexp" 934
"../../../Engine/Plugins/Interchange/Assets/Content/gltf/MaterialBodies/MF_Unlit_Body.uasset" 935
"../../../Engine/Plugins/Interchange/Assets/Content/gltf/MaterialBodies/MF_Unlit_Body.uexp" 936
"../../../Engine/Plugins/Interchange/Assets/Content/gltf/M_Unlit.uasset" 937
"../../../Engine/Plugins/Interchange/Assets/Content/gltf/M_Unlit.uexp" 938
"../../../Engine/Plugins/Interchange/Assets/Content/gltf/MaterialInstances/MI_Unlit_Blend.uasset" 939
"../../../Engine/Plugins/Interchange/Assets/Content/gltf/MaterialInstances/MI_Unlit_Blend.uexp" 940
"../../../Engine/Plugins/Interchange/Assets/Content/gltf/MaterialInstances/MI_Unlit_Blend_DS.uasset" 941
"../../../Engine/Plugins/Interchange/Assets/Content/gltf/MaterialInstances/MI_Unlit_Blend_DS.uexp" 942
"../../../Engine/Plugins/Interchange/Assets/Content/gltf/MaterialInstances/MI_Unlit_Mask.uasset" 943
"../../../Engine/Plugins/Interchange/Assets/Content/gltf/MaterialInstances/MI_Unlit_Mask.uexp" 944
"../../../Engine/Plugins/Interchange/Assets/Content/gltf/MaterialInstances/MI_Unlit_Mask_DS.uasset" 945
"../../../Engine/Plugins/Interchange/Assets/Content/gltf/MaterialInstances/MI_Unlit_Mask_DS.uexp" 946
"../../../Engine/Plugins/Interchange/Assets/Content/gltf/MaterialInstances/MI_Unlit_Opaque.uasset" 947
"../../../Engine/Plugins/Interchange/Assets/Content/gltf/MaterialInstances/MI_Unlit_Opaque.uexp" 948
"../../../Engine/Plugins/Interchange/Assets/Content/gltf/MaterialInstances/MI_Unlit_Opaque_DS.uasset" 949
"../../../Engine/Plugins/Interchange/Assets/Content/gltf/MaterialInstances/MI_Unlit_Opaque_DS.uexp" 950
"../../../Engine/Content/EngineMaterials/Substrate/Glints2/AGlintTex2dArray2.uasset" 951
"../../../Engine/Content/EngineMaterials/Substrate/Glints2/AGlintTex2dArray2.uexp" 952
"../../../Engine/Content/Functions/Engine_MaterialFunctions01/Shading/ConvertFromDiffSpec.uasset" 953
"../../../Engine/Content/Functions/Engine_MaterialFunctions01/Shading/ConvertFromDiffSpec.uexp" 954
"../../../Engine/Content/Functions/Engine_MaterialFunctions01/Shading/PowerToRoughness.uasset" 955
"../../../Engine/Content/Functions/Engine_MaterialFunctions01/Shading/PowerToRoughness.uexp" 956
"../../../Engine/Content/EngineMaterials/Substrate/Volume/SubstrateSimpleVolumeEnvLUT3D.uasset" 957
"../../../Engine/Content/EngineMaterials/Substrate/Volume/SubstrateSimpleVolumeEnvLUT3D.uexp" 958
"../../../Engine/Content/EngineMaterials/Substrate/Volume/SubstrateSimpleVolumeLUT3D.uasset" 959
"../../../Engine/Content/EngineMaterials/Substrate/Volume/SubstrateSimpleVolumeLUT3D.uexp" 960
"../../../Engine/Plugins/2D/Paper2D/Content/PlaceholderTextures/FlatNormalMap.uasset" 961
"../../../Engine/Plugins/2D/Paper2D/Content/PlaceholderTextures/FlatNormalMap.uexp" 962
"../../../Engine/Plugins/2D/Paper2D/Content/DefaultLitSpriteMaterial.uasset" 963
"../../../Engine/Plugins/2D/Paper2D/Content/DefaultLitSpriteMaterial.uexp" 964
"../../../Engine/Plugins/2D/Paper2D/Content/MaskedLitSpriteMaterial.uasset" 965
"../../../Engine/Plugins/2D/Paper2D/Content/MaskedLitSpriteMaterial.uexp" 966
"C:/Users/yiluy/UE - Freelance/Second_Chance_1.0/Content/Character/Aki/Texture/Sprite-0002__1_.uasset" 967
"C:/Users/yiluy/UE - Freelance/Second_Chance_1.0/Content/Character/Aki/Texture/Sprite-0002__1_.uexp" 968
"C:/Users/yiluy/UE - Freelance/Second_Chance_1.0/Content/Character/Aki/Sprite/Sprite-0002__1__Sprite_0.uasset" 969
"C:/Users/yiluy/UE - Freelance/Second_Chance_1.0/Content/Character/Aki/Sprite/Sprite-0002__1__Sprite_0.uexp" 970
"C:/Users/yiluy/UE - Freelance/Second_Chance_1.0/Content/Character/Aki/Sprite/Sprite-0002__1__Sprite_1.uasset" 971
"C:/Users/yiluy/UE - Freelance/Second_Chance_1.0/Content/Character/Aki/Sprite/Sprite-0002__1__Sprite_1.uexp" 972
"C:/Users/yiluy/UE - Freelance/Second_Chance_1.0/Content/Character/Aki/Sprite/Sprite-0002__1__Sprite_2.uasset" 973
"C:/Users/yiluy/UE - Freelance/Second_Chance_1.0/Content/Character/Aki/Sprite/Sprite-0002__1__Sprite_2.uexp" 974
"C:/Users/yiluy/UE - Freelance/Second_Chance_1.0/Content/Character/Aki/FB_Aki_Idle.uasset" 975
"C:/Users/yiluy/UE - Freelance/Second_Chance_1.0/Content/Character/Aki/FB_Aki_Idle.uexp" 976
"C:/Users/yiluy/UE - Freelance/Second_Chance_1.0/Content/Systems/TrustSystem/S_TrustData.uasset" 977
"C:/Users/yiluy/UE - Freelance/Second_Chance_1.0/Content/Systems/TrustSystem/S_TrustData.uexp" 978
"C:/Users/yiluy/UE - Freelance/Second_Chance_1.0/Content/Systems/TrustSystem/E_ChoiceType.uasset" 979
"C:/Users/yiluy/UE - Freelance/Second_Chance_1.0/Content/Systems/TrustSystem/E_ChoiceType.uexp" 980
"C:/Users/yiluy/UE - Freelance/Second_Chance_1.0/Content/Systems/TrustSystem/S_TrustPointEntry.uasset" 981
"C:/Users/yiluy/UE - Freelance/Second_Chance_1.0/Content/Systems/TrustSystem/S_TrustPointEntry.uexp" 982
"C:/Users/yiluy/UE - Freelance/Second_Chance_1.0/Content/Systems/TrustSystem/BP_TrustManager.uasset" 983
"C:/Users/yiluy/UE - Freelance/Second_Chance_1.0/Content/Systems/TrustSystem/BP_TrustManager.uexp" 984
"C:/Users/yiluy/UE - Freelance/Second_Chance_1.0/Content/Systems/SuspicionSystem/E_SuspicionTier.uasset" 985
"C:/Users/yiluy/UE - Freelance/Second_Chance_1.0/Content/Systems/SuspicionSystem/E_SuspicionTier.uexp" 986
"C:/Users/yiluy/UE - Freelance/Second_Chance_1.0/Content/Systems/SuspicionSystem/BP_SuspicionManager.uasset" 987
"C:/Users/yiluy/UE - Freelance/Second_Chance_1.0/Content/Systems/SuspicionSystem/BP_SuspicionManager.uexp" 988
"C:/Users/yiluy/UE - Freelance/Second_Chance_1.0/Content/Systems/DialogueSystem/S_ChoiceData.uasset" 989
"C:/Users/yiluy/UE - Freelance/Second_Chance_1.0/Content/Systems/DialogueSystem/S_ChoiceData.uexp" 990
"C:/Users/yiluy/UE - Freelance/Second_Chance_1.0/Content/Character/Mina/Texture/npc_mina.uasset" 991
"C:/Users/yiluy/UE - Freelance/Second_Chance_1.0/Content/Character/Mina/Texture/npc_mina.uexp" 992
"C:/Users/yiluy/UE - Freelance/Second_Chance_1.0/Content/Character/Mina/Sprite/npc_mina_Sprite_0.uasset" 993
"C:/Users/yiluy/UE - Freelance/Second_Chance_1.0/Content/Character/Mina/Sprite/npc_mina_Sprite_0.uexp" 994
"C:/Users/yiluy/UE - Freelance/Second_Chance_1.0/Content/Character/Mina/Sprite/npc_mina_Sprite_1.uasset" 995
"C:/Users/yiluy/UE - Freelance/Second_Chance_1.0/Content/Character/Mina/Sprite/npc_mina_Sprite_1.uexp" 996
"C:/Users/yiluy/UE - Freelance/Second_Chance_1.0/Content/Character/Mina/Sprite/npc_mina_Sprite_2.uasset" 997
"C:/Users/yiluy/UE - Freelance/Second_Chance_1.0/Content/Character/Mina/Sprite/npc_mina_Sprite_2.uexp" 998
"C:/Users/yiluy/UE - Freelance/Second_Chance_1.0/Content/Character/Mina/Sprite/npc_mina_Sprite_3.uasset" 999
"C:/Users/yiluy/UE - Freelance/Second_Chance_1.0/Content/Character/Mina/Sprite/npc_mina_Sprite_3.uexp" 1000
"C:/Users/yiluy/UE - Freelance/Second_Chance_1.0/Content/Character/Mina/Sprite/npc_mina_Sprite_4.uasset" 1001
"C:/Users/yiluy/UE - Freelance/Second_Chance_1.0/Content/Character/Mina/Sprite/npc_mina_Sprite_4.uexp" 1002
"C:/Users/yiluy/UE - Freelance/Second_Chance_1.0/Content/Character/Mina/FB_Mina_Idle.uasset" 1003
"C:/Users/yiluy/UE - Freelance/Second_Chance_1.0/Content/Character/Mina/FB_Mina_Idle.uexp" 1004
"C:/Users/yiluy/UE - Freelance/Second_Chance_1.0/Content/Systems/InteractableSystem/BPI_Interactable.uasset" 1005
"C:/Users/yiluy/UE - Freelance/Second_Chance_1.0/Content/Systems/InteractableSystem/BPI_Interactable.uexp" 1006
"C:/Users/yiluy/UE - Freelance/Second_Chance_1.0/Content/UI/Widgets/WBP_InteractionPrompt_E.uasset" 1007
"C:/Users/yiluy/UE - Freelance/Second_Chance_1.0/Content/UI/Widgets/WBP_InteractionPrompt_E.uexp" 1008
"../../../Engine/Content/EditorMaterials/Cross.uasset" 1009
"../../../Engine/Content/EditorMaterials/Cross.uexp" 1010
"C:/Users/yiluy/UE - Freelance/Second_Chance_1.0/Content/UI/Widgets/WBP_SuspicionIcon.uasset" 1011
"C:/Users/yiluy/UE - Freelance/Second_Chance_1.0/Content/UI/Widgets/WBP_SuspicionIcon.uexp" 1012
"C:/Users/yiluy/UE - Freelance/Second_Chance_1.0/Content/Core/Blueprint/Characters/Mina/AS_Mina.uasset" 1013
"C:/Users/yiluy/UE - Freelance/Second_Chance_1.0/Content/Core/Blueprint/Characters/Mina/AS_Mina.uexp" 1014
"C:/Users/yiluy/UE - Freelance/Second_Chance_1.0/Content/Core/Blueprint/Characters/Mina/AnimSequences/Idle.uasset" 1015
"C:/Users/yiluy/UE - Freelance/Second_Chance_1.0/Content/Core/Blueprint/Characters/Mina/AnimSequences/Idle.uexp" 1016
"C:/Users/yiluy/UE - Freelance/Second_Chance_1.0/Content/Character/Mina/Sprite/npc_mina_Sprite_10.uasset" 1017
"C:/Users/yiluy/UE - Freelance/Second_Chance_1.0/Content/Character/Mina/Sprite/npc_mina_Sprite_10.uexp" 1018
"C:/Users/yiluy/UE - Freelance/Second_Chance_1.0/Content/Character/Mina/Sprite/npc_mina_Sprite_11.uasset" 1019
"C:/Users/yiluy/UE - Freelance/Second_Chance_1.0/Content/Character/Mina/Sprite/npc_mina_Sprite_11.uexp" 1020
"C:/Users/yiluy/UE - Freelance/Second_Chance_1.0/Content/Character/Mina/Sprite/npc_mina_Sprite_12.uasset" 1021
"C:/Users/yiluy/UE - Freelance/Second_Chance_1.0/Content/Character/Mina/Sprite/npc_mina_Sprite_12.uexp" 1022
"C:/Users/yiluy/UE - Freelance/Second_Chance_1.0/Content/Character/Mina/Sprite/npc_mina_Sprite_13.uasset" 1023
"C:/Users/yiluy/UE - Freelance/Second_Chance_1.0/Content/Character/Mina/Sprite/npc_mina_Sprite_13.uexp" 1024
"C:/Users/yiluy/UE - Freelance/Second_Chance_1.0/Content/Character/Mina/Sprite/npc_mina_Sprite_14.uasset" 1025
"C:/Users/yiluy/UE - Freelance/Second_Chance_1.0/Content/Character/Mina/Sprite/npc_mina_Sprite_14.uexp" 1026
"C:/Users/yiluy/UE - Freelance/Second_Chance_1.0/Content/Character/Mina/FB_Mina_Walk_A.uasset" 1027
"C:/Users/yiluy/UE - Freelance/Second_Chance_1.0/Content/Character/Mina/FB_Mina_Walk_A.uexp" 1028
"C:/Users/yiluy/UE - Freelance/Second_Chance_1.0/Content/Character/Mina/Sprite/npc_mina_Sprite_5.uasset" 1029
"C:/Users/yiluy/UE - Freelance/Second_Chance_1.0/Content/Character/Mina/Sprite/npc_mina_Sprite_5.uexp" 1030
"C:/Users/yiluy/UE - Freelance/Second_Chance_1.0/Content/Character/Mina/Sprite/npc_mina_Sprite_6.uasset" 1031
"C:/Users/yiluy/UE - Freelance/Second_Chance_1.0/Content/Character/Mina/Sprite/npc_mina_Sprite_6.uexp" 1032
"C:/Users/yiluy/UE - Freelance/Second_Chance_1.0/Content/Character/Mina/Sprite/npc_mina_Sprite_7.uasset" 1033
"C:/Users/yiluy/UE - Freelance/Second_Chance_1.0/Content/Character/Mina/Sprite/npc_mina_Sprite_7.uexp" 1034
"C:/Users/yiluy/UE - Freelance/Second_Chance_1.0/Content/Character/Mina/Sprite/npc_mina_Sprite_8.uasset" 1035
"C:/Users/yiluy/UE - Freelance/Second_Chance_1.0/Content/Character/Mina/Sprite/npc_mina_Sprite_8.uexp" 1036
"C:/Users/yiluy/UE - Freelance/Second_Chance_1.0/Content/Character/Mina/Sprite/npc_mina_Sprite_9.uasset" 1037
"C:/Users/yiluy/UE - Freelance/Second_Chance_1.0/Content/Character/Mina/Sprite/npc_mina_Sprite_9.uexp" 1038
"C:/Users/yiluy/UE - Freelance/Second_Chance_1.0/Content/Character/Mina/FB_Mina_Walk_D.uasset" 1039
"C:/Users/yiluy/UE - Freelance/Second_Chance_1.0/Content/Character/Mina/FB_Mina_Walk_D.uexp" 1040
"C:/Users/yiluy/UE - Freelance/Second_Chance_1.0/Content/Character/Mina/Sprite/npc_mina_Sprite_20.uasset" 1041
"C:/Users/yiluy/UE - Freelance/Second_Chance_1.0/Content/Character/Mina/Sprite/npc_mina_Sprite_20.uexp" 1042
"C:/Users/yiluy/UE - Freelance/Second_Chance_1.0/Content/Character/Mina/Sprite/npc_mina_Sprite_21.uasset" 1043
"C:/Users/yiluy/UE - Freelance/Second_Chance_1.0/Content/Character/Mina/Sprite/npc_mina_Sprite_21.uexp" 1044
"C:/Users/yiluy/UE - Freelance/Second_Chance_1.0/Content/Character/Mina/Sprite/npc_mina_Sprite_22.uasset" 1045
"C:/Users/yiluy/UE - Freelance/Second_Chance_1.0/Content/Character/Mina/Sprite/npc_mina_Sprite_22.uexp" 1046
"C:/Users/yiluy/UE - Freelance/Second_Chance_1.0/Content/Character/Mina/Sprite/npc_mina_Sprite_23.uasset" 1047
"C:/Users/yiluy/UE - Freelance/Second_Chance_1.0/Content/Character/Mina/Sprite/npc_mina_Sprite_23.uexp" 1048
"C:/Users/yiluy/UE - Freelance/Second_Chance_1.0/Content/Character/Mina/Sprite/npc_mina_Sprite_24.uasset" 1049
"C:/Users/yiluy/UE - Freelance/Second_Chance_1.0/Content/Character/Mina/Sprite/npc_mina_Sprite_24.uexp" 1050
"C:/Users/yiluy/UE - Freelance/Second_Chance_1.0/Content/Character/Mina/FB_Mina_Walk_S.uasset" 1051
"C:/Users/yiluy/UE - Freelance/Second_Chance_1.0/Content/Character/Mina/FB_Mina_Walk_S.uexp" 1052
"C:/Users/yiluy/UE - Freelance/Second_Chance_1.0/Content/Character/Mina/Sprite/npc_mina_Sprite_15.uasset" 1053
"C:/Users/yiluy/UE - Freelance/Second_Chance_1.0/Content/Character/Mina/Sprite/npc_mina_Sprite_15.uexp" 1054
"C:/Users/yiluy/UE - Freelance/Second_Chance_1.0/Content/Character/Mina/Sprite/npc_mina_Sprite_16.uasset" 1055
"C:/Users/yiluy/UE - Freelance/Second_Chance_1.0/Content/Character/Mina/Sprite/npc_mina_Sprite_16.uexp" 1056
"C:/Users/yiluy/UE - Freelance/Second_Chance_1.0/Content/Character/Mina/Sprite/npc_mina_Sprite_17.uasset" 1057
"C:/Users/yiluy/UE - Freelance/Second_Chance_1.0/Content/Character/Mina/Sprite/npc_mina_Sprite_17.uexp" 1058
"C:/Users/yiluy/UE - Freelance/Second_Chance_1.0/Content/Character/Mina/Sprite/npc_mina_Sprite_18.uasset" 1059
"C:/Users/yiluy/UE - Freelance/Second_Chance_1.0/Content/Character/Mina/Sprite/npc_mina_Sprite_18.uexp" 1060
"C:/Users/yiluy/UE - Freelance/Second_Chance_1.0/Content/Character/Mina/Sprite/npc_mina_Sprite_19.uasset" 1061
"C:/Users/yiluy/UE - Freelance/Second_Chance_1.0/Content/Character/Mina/Sprite/npc_mina_Sprite_19.uexp" 1062
"C:/Users/yiluy/UE - Freelance/Second_Chance_1.0/Content/Character/Mina/FB__Mina_Walk_W.uasset" 1063
"C:/Users/yiluy/UE - Freelance/Second_Chance_1.0/Content/Character/Mina/FB__Mina_Walk_W.uexp" 1064
"C:/Users/yiluy/UE - Freelance/Second_Chance_1.0/Content/Core/Blueprint/Characters/Mina/AnimSequences/Walk.uasset" 1065
"C:/Users/yiluy/UE - Freelance/Second_Chance_1.0/Content/Core/Blueprint/Characters/Mina/AnimSequences/Walk.uexp" 1066
"C:/Users/yiluy/UE - Freelance/Second_Chance_1.0/Content/Core/Blueprint/Characters/Mina/ABP_Mina.uasset" 1067
"C:/Users/yiluy/UE - Freelance/Second_Chance_1.0/Content/Core/Blueprint/Characters/Mina/ABP_Mina.uexp" 1068
"C:/Users/yiluy/UE - Freelance/Second_Chance_1.0/Content/Core/Blueprint/Characters/BPC_NPCS.uasset" 1069
"C:/Users/yiluy/UE - Freelance/Second_Chance_1.0/Content/Core/Blueprint/Characters/BPC_NPCS.uexp" 1070
"C:/Users/yiluy/UE - Freelance/Second_Chance_1.0/Content/Systems/DialogueSystem/E_SpeakerType.uasset" 1071
"C:/Users/yiluy/UE - Freelance/Second_Chance_1.0/Content/Systems/DialogueSystem/E_SpeakerType.uexp" 1072
"C:/Users/yiluy/UE - Freelance/Second_Chance_1.0/Content/Systems/DialogueSystem/S_DialogueData.uasset" 1073
"C:/Users/yiluy/UE - Freelance/Second_Chance_1.0/Content/Systems/DialogueSystem/S_DialogueData.uexp" 1074
"C:/Users/yiluy/UE - Freelance/Second_Chance_1.0/Content/Systems/DialogueSystem/DT_DialogueDatabase.uasset" 1075
"C:/Users/yiluy/UE - Freelance/Second_Chance_1.0/Content/Systems/DialogueSystem/DT_DialogueDatabase.uexp" 1076
"C:/Users/yiluy/UE - Freelance/Second_Chance_1.0/Content/UI/Widgets/WBP_ChapterComplete.uasset" 1077
"C:/Users/yiluy/UE - Freelance/Second_Chance_1.0/Content/UI/Widgets/WBP_ChapterComplete.uexp" 1078
"C:/Users/yiluy/UE - Freelance/Second_Chance_1.0/Content/UI/Widgets/WBP_ChapterFailure.uasset" 1079
"C:/Users/yiluy/UE - Freelance/Second_Chance_1.0/Content/UI/Widgets/WBP_ChapterFailure.uexp" 1080
"C:/Users/yiluy/UE - Freelance/Second_Chance_1.0/Content/Systems/ChapterSystem/BP_ChapterEndTrigger.uasset" 1081
"C:/Users/yiluy/UE - Freelance/Second_Chance_1.0/Content/Systems/ChapterSystem/BP_ChapterEndTrigger.uexp" 1082
"C:/Users/yiluy/UE - Freelance/Second_Chance_1.0/Content/UI/Widgets/WBP_TrustNotification.uasset" 1083
"C:/Users/yiluy/UE - Freelance/Second_Chance_1.0/Content/UI/Widgets/WBP_TrustNotification.uexp" 1084
"C:/Users/yiluy/UE - Freelance/Second_Chance_1.0/Content/UI/Assets/NewDialog.ubulk" 1085
"C:/Users/yiluy/UE - Freelance/Second_Chance_1.0/Content/UI/Assets/NewDialog.uasset" 1086
"C:/Users/yiluy/UE - Freelance/Second_Chance_1.0/Content/UI/Assets/NewDialog.uexp" 1087
"C:/Users/yiluy/UE - Freelance/Second_Chance_1.0/Content/UI/Widgets/WBP_ChoiceButton.uasset" 1088
"C:/Users/yiluy/UE - Freelance/Second_Chance_1.0/Content/UI/Widgets/WBP_ChoiceButton.uexp" 1089
"C:/Users/yiluy/UE - Freelance/Second_Chance_1.0/Content/Character/Aki/Texture/Photo/aki_portrait.uasset" 1090
"C:/Users/yiluy/UE - Freelance/Second_Chance_1.0/Content/Character/Aki/Texture/Photo/aki_portrait.uexp" 1091
"C:/Users/yiluy/UE - Freelance/Second_Chance_1.0/Content/UI/Widgets/WBP_DialogueBox.uasset" 1092
"C:/Users/yiluy/UE - Freelance/Second_Chance_1.0/Content/UI/Widgets/WBP_DialogueBox.uexp" 1093
"C:/Users/yiluy/UE - Freelance/Second_Chance_1.0/Content/Systems/DialogueSystem/BP_DialogueManager.uasset" 1094
"C:/Users/yiluy/UE - Freelance/Second_Chance_1.0/Content/Systems/DialogueSystem/BP_DialogueManager.uexp" 1095
"C:/Users/yiluy/UE - Freelance/Second_Chance_1.0/Content/Systems/ObjectiveSystem/E_ObjectiveType.uasset" 1096
"C:/Users/yiluy/UE - Freelance/Second_Chance_1.0/Content/Systems/ObjectiveSystem/E_ObjectiveType.uexp" 1097
"C:/Users/yiluy/UE - Freelance/Second_Chance_1.0/Content/Systems/ObjectiveSystem/S_ObjectiveData.uasset" 1098
"C:/Users/yiluy/UE - Freelance/Second_Chance_1.0/Content/Systems/ObjectiveSystem/S_ObjectiveData.uexp" 1099
"C:/Users/yiluy/UE - Freelance/Second_Chance_1.0/Content/Systems/ObjectiveSystem/DT_Objectives.uasset" 1100
"C:/Users/yiluy/UE - Freelance/Second_Chance_1.0/Content/Systems/ObjectiveSystem/DT_Objectives.uexp" 1101
"C:/Users/yiluy/UE - Freelance/Second_Chance_1.0/Content/Systems/ObjectiveSystem/BP_ObjectiveTrigger.uasset" 1102
"C:/Users/yiluy/UE - Freelance/Second_Chance_1.0/Content/Systems/ObjectiveSystem/BP_ObjectiveTrigger.uexp" 1103
"C:/Users/yiluy/UE - Freelance/Second_Chance_1.0/Content/Core/GameInstance/BP_SecondChance_GameInstance.uasset" 1104
"C:/Users/yiluy/UE - Freelance/Second_Chance_1.0/Content/Core/GameInstance/BP_SecondChance_GameInstance.uexp" 1105
"C:/Users/yiluy/UE - Freelance/Second_Chance_1.0/Content/Core/PlayerController/IA_Movement.uasset" 1106
"C:/Users/yiluy/UE - Freelance/Second_Chance_1.0/Content/Core/PlayerController/IA_Movement.uexp" 1107
"C:/Users/yiluy/UE - Freelance/Second_Chance_1.0/Content/Core/PlayerController/IMC_WASD.uasset" 1108
"C:/Users/yiluy/UE - Freelance/Second_Chance_1.0/Content/Core/PlayerController/IMC_WASD.uexp" 1109
"../../../Engine/Content/VREditor/BasicMeshes/T_CleanFloorGrunge_01_D.ubulk" 1110
"../../../Engine/Content/VREditor/BasicMeshes/T_CleanFloorGrunge_01_D.uasset" 1111
"../../../Engine/Content/VREditor/BasicMeshes/T_CleanFloorGrunge_01_D.uexp" 1112
"../../../Engine/Content/VREditor/BasicMeshes/M_Floor_01.uasset" 1113
"../../../Engine/Content/VREditor/BasicMeshes/M_Floor_01.uexp" 1114
"../../../Engine/Content/VREditor/BasicMeshes/MI_Cube_01.uasset" 1115
"../../../Engine/Content/VREditor/BasicMeshes/MI_Cube_01.uexp" 1116
"../../../Engine/Content/VREditor/BasicMeshes/SM_Cube_01.ubulk" 1117
"../../../Engine/Content/VREditor/BasicMeshes/SM_Cube_01.uasset" 1118
"../../../Engine/Content/VREditor/BasicMeshes/SM_Cube_01.uexp" 1119
"../../../Engine/Content/MapTemplates/Materials/BasicAsset01.uasset" 1120
"../../../Engine/Content/MapTemplates/Materials/BasicAsset01.uexp" 1121
"C:/Users/yiluy/UE - Freelance/Second_Chance_1.0/Content/Systems/InteractableSystem/E_ExaminationType.uasset" 1122
"C:/Users/yiluy/UE - Freelance/Second_Chance_1.0/Content/Systems/InteractableSystem/E_ExaminationType.uexp" 1123
"C:/Users/yiluy/UE - Freelance/Second_Chance_1.0/Content/Systems/InteractableSystem/S_ExaminationData.uasset" 1124
"C:/Users/yiluy/UE - Freelance/Second_Chance_1.0/Content/Systems/InteractableSystem/S_ExaminationData.uexp" 1125
"C:/Users/yiluy/UE - Freelance/Second_Chance_1.0/Content/UI/Widgets/WBP_ExaminationPanel.uasset" 1126
"C:/Users/yiluy/UE - Freelance/Second_Chance_1.0/Content/UI/Widgets/WBP_ExaminationPanel.uexp" 1127
"C:/Users/yiluy/UE - Freelance/Second_Chance_1.0/Content/UI/Widgets/WBP_ItemCollected.uasset" 1128
"C:/Users/yiluy/UE - Freelance/Second_Chance_1.0/Content/UI/Widgets/WBP_ItemCollected.uexp" 1129
"C:/Users/yiluy/UE - Freelance/Second_Chance_1.0/Content/UI/Widgets/WBP_MemoryUnlocked.uasset" 1130
"C:/Users/yiluy/UE - Freelance/Second_Chance_1.0/Content/UI/Widgets/WBP_MemoryUnlocked.uexp" 1131
"C:/Users/yiluy/UE - Freelance/Second_Chance_1.0/Content/Systems/InteractableSystem/BP_ExaminableObject.uasset" 1132
"C:/Users/yiluy/UE - Freelance/Second_Chance_1.0/Content/Systems/InteractableSystem/BP_ExaminableObject.uexp" 1133
"C:/Users/yiluy/UE - Freelance/Second_Chance_1.0/Content/UI/Widgets/WBP_ObjectiveTracker.uasset" 1134
"C:/Users/yiluy/UE - Freelance/Second_Chance_1.0/Content/UI/Widgets/WBP_ObjectiveTracker.uexp" 1135
"C:/Users/yiluy/UE - Freelance/Second_Chance_1.0/Content/Core/Blueprint/Characters/Aki/AS_Aki.uasset" 1136
"C:/Users/yiluy/UE - Freelance/Second_Chance_1.0/Content/Core/Blueprint/Characters/Aki/AS_Aki.uexp" 1137
"C:/Users/yiluy/UE - Freelance/Second_Chance_1.0/Content/Core/Blueprint/Characters/Aki/AnimSequences/Idle.uasset" 1138
"C:/Users/yiluy/UE - Freelance/Second_Chance_1.0/Content/Core/Blueprint/Characters/Aki/AnimSequences/Idle.uexp" 1139
"C:/Users/yiluy/UE - Freelance/Second_Chance_1.0/Content/Character/Aki/Sprite/Sprite-0002__1__Sprite_6.uasset" 1140
"C:/Users/yiluy/UE - Freelance/Second_Chance_1.0/Content/Character/Aki/Sprite/Sprite-0002__1__Sprite_6.uexp" 1141
"C:/Users/yiluy/UE - Freelance/Second_Chance_1.0/Content/Character/Aki/Sprite/Sprite-0002__1__Sprite_7.uasset" 1142
"C:/Users/yiluy/UE - Freelance/Second_Chance_1.0/Content/Character/Aki/Sprite/Sprite-0002__1__Sprite_7.uexp" 1143
"C:/Users/yiluy/UE - Freelance/Second_Chance_1.0/Content/Character/Aki/Sprite/Sprite-0002__1__Sprite_8.uasset" 1144
"C:/Users/yiluy/UE - Freelance/Second_Chance_1.0/Content/Character/Aki/Sprite/Sprite-0002__1__Sprite_8.uexp" 1145
"C:/Users/yiluy/UE - Freelance/Second_Chance_1.0/Content/Character/Aki/FB_Aki_Walk_A.uasset" 1146
"C:/Users/yiluy/UE - Freelance/Second_Chance_1.0/Content/Character/Aki/FB_Aki_Walk_A.uexp" 1147
"C:/Users/yiluy/UE - Freelance/Second_Chance_1.0/Content/Character/Aki/Sprite/Sprite-0002__1__Sprite_3.uasset" 1148
"C:/Users/yiluy/UE - Freelance/Second_Chance_1.0/Content/Character/Aki/Sprite/Sprite-0002__1__Sprite_3.uexp" 1149
"C:/Users/yiluy/UE - Freelance/Second_Chance_1.0/Content/Character/Aki/Sprite/Sprite-0002__1__Sprite_4.uasset" 1150
"C:/Users/yiluy/UE - Freelance/Second_Chance_1.0/Content/Character/Aki/Sprite/Sprite-0002__1__Sprite_4.uexp" 1151
"C:/Users/yiluy/UE - Freelance/Second_Chance_1.0/Content/Character/Aki/Sprite/Sprite-0002__1__Sprite_5.uasset" 1152
"C:/Users/yiluy/UE - Freelance/Second_Chance_1.0/Content/Character/Aki/Sprite/Sprite-0002__1__Sprite_5.uexp" 1153
"C:/Users/yiluy/UE - Freelance/Second_Chance_1.0/Content/Character/Aki/FB_Aki_Walk_D.uasset" 1154
"C:/Users/yiluy/UE - Freelance/Second_Chance_1.0/Content/Character/Aki/FB_Aki_Walk_D.uexp" 1155
"../../../Engine/Plugins/2D/Paper2D/Content/TranslucentUnlitSpriteMaterial.uasset" 1156
"../../../Engine/Plugins/2D/Paper2D/Content/TranslucentUnlitSpriteMaterial.uexp" 1157
"C:/Users/yiluy/UE - Freelance/Second_Chance_1.0/Content/Character/Aki/Sprite/Sprite-0002__1__Sprite_9.uasset" 1158
"C:/Users/yiluy/UE - Freelance/Second_Chance_1.0/Content/Character/Aki/Sprite/Sprite-0002__1__Sprite_9.uexp" 1159
"C:/Users/yiluy/UE - Freelance/Second_Chance_1.0/Content/Character/Aki/Sprite/Sprite-0002__1__Sprite_10.uasset" 1160
"C:/Users/yiluy/UE - Freelance/Second_Chance_1.0/Content/Character/Aki/Sprite/Sprite-0002__1__Sprite_10.uexp" 1161
"C:/Users/yiluy/UE - Freelance/Second_Chance_1.0/Content/Character/Aki/Sprite/Sprite-0002__1__Sprite_11.uasset" 1162
"C:/Users/yiluy/UE - Freelance/Second_Chance_1.0/Content/Character/Aki/Sprite/Sprite-0002__1__Sprite_11.uexp" 1163
"C:/Users/yiluy/UE - Freelance/Second_Chance_1.0/Content/Character/Aki/FB_Aki_Walk_S.uasset" 1164
"C:/Users/yiluy/UE - Freelance/Second_Chance_1.0/Content/Character/Aki/FB_Aki_Walk_S.uexp" 1165
"C:/Users/yiluy/UE - Freelance/Second_Chance_1.0/Content/Character/Aki/Sprite/Sprite-0002__1__Sprite_12.uasset" 1166
"C:/Users/yiluy/UE - Freelance/Second_Chance_1.0/Content/Character/Aki/Sprite/Sprite-0002__1__Sprite_12.uexp" 1167
"C:/Users/yiluy/UE - Freelance/Second_Chance_1.0/Content/Character/Aki/Sprite/Sprite-0002__1__Sprite_13.uasset" 1168
"C:/Users/yiluy/UE - Freelance/Second_Chance_1.0/Content/Character/Aki/Sprite/Sprite-0002__1__Sprite_13.uexp" 1169
"C:/Users/yiluy/UE - Freelance/Second_Chance_1.0/Content/Character/Aki/Sprite/Sprite-0002__1__Sprite_14.uasset" 1170
"C:/Users/yiluy/UE - Freelance/Second_Chance_1.0/Content/Character/Aki/Sprite/Sprite-0002__1__Sprite_14.uexp" 1171
"C:/Users/yiluy/UE - Freelance/Second_Chance_1.0/Content/Character/Aki/FB_Aki_Walk_W.uasset" 1172
"C:/Users/yiluy/UE - Freelance/Second_Chance_1.0/Content/Character/Aki/FB_Aki_Walk_W.uexp" 1173
"C:/Users/yiluy/UE - Freelance/Second_Chance_1.0/Content/Core/Blueprint/Characters/Aki/AnimSequences/Walk.uasset" 1174
"C:/Users/yiluy/UE - Freelance/Second_Chance_1.0/Content/Core/Blueprint/Characters/Aki/AnimSequences/Walk.uexp" 1175
"C:/Users/yiluy/UE - Freelance/Second_Chance_1.0/Content/Core/Blueprint/Characters/Aki/ABP_Aki.uasset" 1176
"C:/Users/yiluy/UE - Freelance/Second_Chance_1.0/Content/Core/Blueprint/Characters/Aki/ABP_Aki.uexp" 1177
"C:/Users/yiluy/UE - Freelance/Second_Chance_1.0/Content/Core/Blueprint/Characters/BP_Aki.uasset" 1178
"C:/Users/yiluy/UE - Freelance/Second_Chance_1.0/Content/Core/Blueprint/Characters/BP_Aki.uexp" 1179
"C:/Users/yiluy/UE - Freelance/Second_Chance_1.0/Content/Core/PlayerController/BP_SecondChance_PlayerController.uasset" 1180
"C:/Users/yiluy/UE - Freelance/Second_Chance_1.0/Content/Core/PlayerController/BP_SecondChance_PlayerController.uexp" 1181
"C:/Users/yiluy/UE - Freelance/Second_Chance_1.0/Content/Core/GameMode/BP_SecondChance_GameMode.uasset" 1182
"C:/Users/yiluy/UE - Freelance/Second_Chance_1.0/Content/Core/GameMode/BP_SecondChance_GameMode.uexp" 1183
"../../../Engine/Content/Maps/Entry_BuiltData.uasset" 1184
"../../../Engine/Content/Maps/Entry_BuiltData.uexp" 1185
"../../../Engine/Content/Maps/Entry.uexp" 1186
"../../../Engine/Content/Maps/Entry.umap" 1187
"../../../Engine/Content/EngineSky/T_Sky_Blue.ubulk" 1188
"../../../Engine/Content/EngineSky/T_Sky_Blue.uasset" 1189
"../../../Engine/Content/EngineSky/T_Sky_Blue.uexp" 1190
"../../../Engine/Content/EngineSky/T_Sky_Clouds_M.ubulk" 1191
"../../../Engine/Content/EngineSky/T_Sky_Clouds_M.uasset" 1192
"../../../Engine/Content/EngineSky/T_Sky_Clouds_M.uexp" 1193
"../../../Engine/Content/EngineSky/T_Sky_Stars.ubulk" 1194
"../../../Engine/Content/EngineSky/T_Sky_Stars.uasset" 1195
"../../../Engine/Content/EngineSky/T_Sky_Stars.uexp" 1196
"../../../Engine/Content/EngineSky/M_Sky_Panning_Clouds2.uasset" 1197
"../../../Engine/Content/EngineSky/M_Sky_Panning_Clouds2.uexp" 1198
"../../../Engine/Content/EngineSky/SM_SkySphere.ubulk" 1199
"../../../Engine/Content/EngineSky/SM_SkySphere.uasset" 1200
"../../../Engine/Content/EngineSky/SM_SkySphere.uexp" 1201
"../../../Engine/Content/EngineSky/M_SimpleSkyDome.uasset" 1202
"../../../Engine/Content/EngineSky/M_SimpleSkyDome.uexp" 1203
"../../../Engine/Content/MapTemplates/SM_Template_Map_Floor.ubulk" 1204
"../../../Engine/Content/MapTemplates/SM_Template_Map_Floor.uasset" 1205
"../../../Engine/Content/MapTemplates/SM_Template_Map_Floor.uexp" 1206
"../../../Engine/Content/Functions/Engine_MaterialFunctions02/Utility/BreakOutFloat4Components.uasset" 1207
"../../../Engine/Content/Functions/Engine_MaterialFunctions02/Utility/BreakOutFloat4Components.uexp" 1208
"../../../Engine/Content/Functions/Engine_MaterialFunctions02/Utility/MakeFloat4.uasset" 1209
"../../../Engine/Content/Functions/Engine_MaterialFunctions02/Utility/MakeFloat4.uexp" 1210
"../../../Engine/Content/EngineResources/DefaultVolumeTexture2D.uasset" 1211
"../../../Engine/Content/EngineResources/DefaultVolumeTexture2D.uexp" 1212
"../../../Engine/Content/EngineResources/DefaultVolumeTexture.uasset" 1213
"../../../Engine/Content/EngineResources/DefaultVolumeTexture.uexp" 1214
"../../../Engine/Content/EngineSky/VolumetricClouds/VT_Lightning.uasset" 1215
"../../../Engine/Content/EngineSky/VolumetricClouds/VT_Lightning.uexp" 1216
"../../../Engine/Content/Functions/Engine_MaterialFunctions01/Units/Km-to-Cm.uasset" 1217
"../../../Engine/Content/Functions/Engine_MaterialFunctions01/Units/Km-to-Cm.uexp" 1218
"../../../Engine/Content/EngineSky/VolumetricClouds/m_SimpleVolumetricCloud.uasset" 1219
"../../../Engine/Content/EngineSky/VolumetricClouds/m_SimpleVolumetricCloud.uexp" 1220
"../../../Engine/Content/EngineSky/VolumetricClouds/T_CloudMask.ubulk" 1221
"../../../Engine/Content/EngineSky/VolumetricClouds/T_CloudMask.uasset" 1222
"../../../Engine/Content/EngineSky/VolumetricClouds/T_CloudMask.uexp" 1223
"../../../Engine/Content/EngineSky/VolumetricClouds/T_CloudPattern.ubulk" 1224
"../../../Engine/Content/EngineSky/VolumetricClouds/T_CloudPattern.uasset" 1225
"../../../Engine/Content/EngineSky/VolumetricClouds/T_CloudPattern.uexp" 1226
"../../../Engine/Content/EngineSky/VolumetricClouds/T_Profile_08.ubulk" 1227
"../../../Engine/Content/EngineSky/VolumetricClouds/T_Profile_08.uasset" 1228
"../../../Engine/Content/EngineSky/VolumetricClouds/T_Profile_08.uexp" 1229
"../../../Engine/Content/EngineSky/VolumetricClouds/VT_PerlinWorley_Balanced.uasset" 1230
"../../../Engine/Content/EngineSky/VolumetricClouds/VT_PerlinWorley_Balanced.uexp" 1231
"../../../Engine/Content/EngineSky/VolumetricClouds/m_SimpleVolumetricCloud_Inst.uasset" 1232
"../../../Engine/Content/EngineSky/VolumetricClouds/m_SimpleVolumetricCloud_Inst.uexp" 1233
"C:/Users/yiluy/UE - Freelance/Second_Chance_1.0/Content/Materials/glitch-texture-1.uasset" 1234
"C:/Users/yiluy/UE - Freelance/Second_Chance_1.0/Content/Materials/glitch-texture-1.uexp" 1235
"C:/Users/yiluy/UE - Freelance/Second_Chance_1.0/Content/Materials/Glitch_Effect.uasset" 1236
"C:/Users/yiluy/UE - Freelance/Second_Chance_1.0/Content/Materials/Glitch_Effect.uexp" 1237
"C:/Users/yiluy/UE - Freelance/Second_Chance_1.0/Content/Materials/MysteryCandy.uasset" 1238
"C:/Users/yiluy/UE - Freelance/Second_Chance_1.0/Content/Materials/MysteryCandy.uexp" 1239
"C:/Users/yiluy/UE - Freelance/Second_Chance_1.0/Content/Materials/S_MysteryCandy.uasset" 1240
"C:/Users/yiluy/UE - Freelance/Second_Chance_1.0/Content/Materials/S_MysteryCandy.uexp" 1241
"../../../Engine/Content/EngineResources/DefaultTexture.ubulk" 1242
"../../../Engine/Content/EngineResources/DefaultTexture.uasset" 1243
"../../../Engine/Content/EngineResources/DefaultTexture.uexp" 1244
"../../../Engine/Content/EngineMaterials/DefaultNormal.ubulk" 1245
"../../../Engine/Content/EngineMaterials/DefaultNormal.uasset" 1246
"../../../Engine/Content/EngineMaterials/DefaultNormal.uexp" 1247
"../../../Engine/Content/Functions/Engine_MaterialFunctions03/Procedurals/NormalFromHeightmap.uasset" 1248
"../../../Engine/Content/Functions/Engine_MaterialFunctions03/Procedurals/NormalFromHeightmap.uexp" 1249
"../../../Engine/Plugins/Interchange/Assets/Content/Functions/MF_PhongToMetalRoughness.uasset" 1250
"../../../Engine/Plugins/Interchange/Assets/Content/Functions/MF_PhongToMetalRoughness.uexp" 1251
"../../../Engine/Plugins/Interchange/Assets/Content/Materials/FBXLegacyPhongSurfaceMaterial.uasset" 1252
"../../../Engine/Plugins/Interchange/Assets/Content/Materials/FBXLegacyPhongSurfaceMaterial.uexp" 1253
"C:/Users/yiluy/UE - Freelance/Second_Chance_1.0/Content/Game_Assets/EnviromentTexture/snow_01_nor_gl_4k.ubulk" 1254
"C:/Users/yiluy/UE - Freelance/Second_Chance_1.0/Content/Game_Assets/EnviromentTexture/snow_01_nor_gl_4k.uasset" 1255
"C:/Users/yiluy/UE - Freelance/Second_Chance_1.0/Content/Game_Assets/EnviromentTexture/snow_01_nor_gl_4k.uexp" 1256
"C:/Users/yiluy/UE - Freelance/Second_Chance_1.0/Content/Game_Assets/EnviromentTexture/snow_01_rough_4k.ubulk" 1257
"C:/Users/yiluy/UE - Freelance/Second_Chance_1.0/Content/Game_Assets/EnviromentTexture/snow_01_rough_4k.uasset" 1258
"C:/Users/yiluy/UE - Freelance/Second_Chance_1.0/Content/Game_Assets/EnviromentTexture/snow_01_rough_4k.uexp" 1259
"C:/Users/yiluy/UE - Freelance/Second_Chance_1.0/Content/Game_Assets/EnviromentTexture/snow_01.uasset" 1260
"C:/Users/yiluy/UE - Freelance/Second_Chance_1.0/Content/Game_Assets/EnviromentTexture/snow_01.uexp" 1261
"../../../Engine/Plugins/Interchange/Assets/Content/gltf/MaterialInstances/MI_Default_Opaque_DS.uasset" 1262
"../../../Engine/Plugins/Interchange/Assets/Content/gltf/MaterialInstances/MI_Default_Opaque_DS.uexp" 1263
"C:/Users/yiluy/UE - Freelance/Second_Chance_1.0/Content/Game_Assets/3D_Models/Meshy_AI_Two_Story_Apartment_B_0329065053_texture/Textures/Meshy_AI_Two_Story_Apartment_B_0329065053_texture_texture_0.ubulk" 1264
"C:/Users/yiluy/UE - Freelance/Second_Chance_1.0/Content/Game_Assets/3D_Models/Meshy_AI_Two_Story_Apartment_B_0329065053_texture/Textures/Meshy_AI_Two_Story_Apartment_B_0329065053_texture_texture_0.uasset" 1265
"C:/Users/yiluy/UE - Freelance/Second_Chance_1.0/Content/Game_Assets/3D_Models/Meshy_AI_Two_Story_Apartment_B_0329065053_texture/Textures/Meshy_AI_Two_Story_Apartment_B_0329065053_texture_texture_0.uexp" 1266
"C:/Users/yiluy/UE - Freelance/Second_Chance_1.0/Content/Game_Assets/3D_Models/Meshy_AI_Two_Story_Apartment_B_0329065053_texture/Textures/Meshy_AI_Two_Story_Apartment_B_0329065053_texture_texture_1.ubulk" 1267
"C:/Users/yiluy/UE - Freelance/Second_Chance_1.0/Content/Game_Assets/3D_Models/Meshy_AI_Two_Story_Apartment_B_0329065053_texture/Textures/Meshy_AI_Two_Story_Apartment_B_0329065053_texture_texture_1.uasset" 1268
"C:/Users/yiluy/UE - Freelance/Second_Chance_1.0/Content/Game_Assets/3D_Models/Meshy_AI_Two_Story_Apartment_B_0329065053_texture/Textures/Meshy_AI_Two_Story_Apartment_B_0329065053_texture_texture_1.uexp" 1269
"C:/Users/yiluy/UE - Freelance/Second_Chance_1.0/Content/Game_Assets/3D_Models/Meshy_AI_Two_Story_Apartment_B_0329065053_texture/Textures/Meshy_AI_Two_Story_Apartment_B_0329065053_texture_texture_2.ubulk" 1270
"C:/Users/yiluy/UE - Freelance/Second_Chance_1.0/Content/Game_Assets/3D_Models/Meshy_AI_Two_Story_Apartment_B_0329065053_texture/Textures/Meshy_AI_Two_Story_Apartment_B_0329065053_texture_texture_2.uasset" 1271
"C:/Users/yiluy/UE - Freelance/Second_Chance_1.0/Content/Game_Assets/3D_Models/Meshy_AI_Two_Story_Apartment_B_0329065053_texture/Textures/Meshy_AI_Two_Story_Apartment_B_0329065053_texture_texture_2.uexp" 1272
"C:/Users/yiluy/UE - Freelance/Second_Chance_1.0/Content/Game_Assets/3D_Models/Meshy_AI_Two_Story_Apartment_B_0329065053_texture/Materials/Meshy_AI_Two_Story_Apartment_B_0329065053_texture_material_0.uasset" 1273
"C:/Users/yiluy/UE - Freelance/Second_Chance_1.0/Content/Game_Assets/3D_Models/Meshy_AI_Two_Story_Apartment_B_0329065053_texture/Materials/Meshy_AI_Two_Story_Apartment_B_0329065053_texture_material_0.uexp" 1274
"C:/Users/yiluy/UE - Freelance/Second_Chance_1.0/Content/Game_Assets/3D_Models/Meshy_AI_Two_Story_Apartment_B_0329065053_texture/StaticMeshes/Meshy_AI_Two_Story_Apartment_B_0329065053_texture.ubulk" 1275
"C:/Users/yiluy/UE - Freelance/Second_Chance_1.0/Content/Game_Assets/3D_Models/Meshy_AI_Two_Story_Apartment_B_0329065053_texture/StaticMeshes/Meshy_AI_Two_Story_Apartment_B_0329065053_texture.uasset" 1276
"C:/Users/yiluy/UE - Freelance/Second_Chance_1.0/Content/Game_Assets/3D_Models/Meshy_AI_Two_Story_Apartment_B_0329065053_texture/StaticMeshes/Meshy_AI_Two_Story_Apartment_B_0329065053_texture.uexp" 1277
"C:/Users/yiluy/UE - Freelance/Second_Chance_1.0/Content/Game_Assets/3D_Models/Meshy_AI_Two_Story_Suburban_Ho_0328130512_texture/Textures/Meshy_AI_Two_Story_Suburban_Ho_0328130512_texture_texture_0.ubulk" 1278
"C:/Users/yiluy/UE - Freelance/Second_Chance_1.0/Content/Game_Assets/3D_Models/Meshy_AI_Two_Story_Suburban_Ho_0328130512_texture/Textures/Meshy_AI_Two_Story_Suburban_Ho_0328130512_texture_texture_0.uasset" 1279
"C:/Users/yiluy/UE - Freelance/Second_Chance_1.0/Content/Game_Assets/3D_Models/Meshy_AI_Two_Story_Suburban_Ho_0328130512_texture/Textures/Meshy_AI_Two_Story_Suburban_Ho_0328130512_texture_texture_0.uexp" 1280
"C:/Users/yiluy/UE - Freelance/Second_Chance_1.0/Content/Game_Assets/3D_Models/Meshy_AI_Two_Story_Suburban_Ho_0328130512_texture/Textures/Meshy_AI_Two_Story_Suburban_Ho_0328130512_texture_texture_1.ubulk" 1281
"C:/Users/yiluy/UE - Freelance/Second_Chance_1.0/Content/Game_Assets/3D_Models/Meshy_AI_Two_Story_Suburban_Ho_0328130512_texture/Textures/Meshy_AI_Two_Story_Suburban_Ho_0328130512_texture_texture_1.uasset" 1282
"C:/Users/yiluy/UE - Freelance/Second_Chance_1.0/Content/Game_Assets/3D_Models/Meshy_AI_Two_Story_Suburban_Ho_0328130512_texture/Textures/Meshy_AI_Two_Story_Suburban_Ho_0328130512_texture_texture_1.uexp" 1283
"C:/Users/yiluy/UE - Freelance/Second_Chance_1.0/Content/Game_Assets/3D_Models/Meshy_AI_Two_Story_Suburban_Ho_0328130512_texture/Textures/Meshy_AI_Two_Story_Suburban_Ho_0328130512_texture_texture_2.ubulk" 1284
"C:/Users/yiluy/UE - Freelance/Second_Chance_1.0/Content/Game_Assets/3D_Models/Meshy_AI_Two_Story_Suburban_Ho_0328130512_texture/Textures/Meshy_AI_Two_Story_Suburban_Ho_0328130512_texture_texture_2.uasset" 1285
"C:/Users/yiluy/UE - Freelance/Second_Chance_1.0/Content/Game_Assets/3D_Models/Meshy_AI_Two_Story_Suburban_Ho_0328130512_texture/Textures/Meshy_AI_Two_Story_Suburban_Ho_0328130512_texture_texture_2.uexp" 1286
"C:/Users/yiluy/UE - Freelance/Second_Chance_1.0/Content/Game_Assets/3D_Models/Meshy_AI_Two_Story_Suburban_Ho_0328130512_texture/Materials/Meshy_AI_Two_Story_Suburban_Ho_0328130512_texture_material_0.uasset" 1287
"C:/Users/yiluy/UE - Freelance/Second_Chance_1.0/Content/Game_Assets/3D_Models/Meshy_AI_Two_Story_Suburban_Ho_0328130512_texture/Materials/Meshy_AI_Two_Story_Suburban_Ho_0328130512_texture_material_0.uexp" 1288
"C:/Users/yiluy/UE - Freelance/Second_Chance_1.0/Content/Game_Assets/3D_Models/Meshy_AI_Two_Story_Suburban_Ho_0328130512_texture/StaticMeshes/Meshy_AI_Two_Story_Suburban_Ho_0328130512_texture.ubulk" 1289
"C:/Users/yiluy/UE - Freelance/Second_Chance_1.0/Content/Game_Assets/3D_Models/Meshy_AI_Two_Story_Suburban_Ho_0328130512_texture/StaticMeshes/Meshy_AI_Two_Story_Suburban_Ho_0328130512_texture.uasset" 1290
"C:/Users/yiluy/UE - Freelance/Second_Chance_1.0/Content/Game_Assets/3D_Models/Meshy_AI_Two_Story_Suburban_Ho_0328130512_texture/StaticMeshes/Meshy_AI_Two_Story_Suburban_Ho_0328130512_texture.uexp" 1291
"C:/Users/yiluy/UE - Freelance/Second_Chance_1.0/Content/Game_Assets/EnviromentTexture/Tree/Meshy_AI_Low_poly_3D_model_of__0403114942_texture/Textures/Meshy_AI_Low_poly_3D_model_of__0403114942_texture_texture_1.ubulk" 1292
"C:/Users/yiluy/UE - Freelance/Second_Chance_1.0/Content/Game_Assets/EnviromentTexture/Tree/Meshy_AI_Low_poly_3D_model_of__0403114942_texture/Textures/Meshy_AI_Low_poly_3D_model_of__0403114942_texture_texture_1.uasset" 1293
"C:/Users/yiluy/UE - Freelance/Second_Chance_1.0/Content/Game_Assets/EnviromentTexture/Tree/Meshy_AI_Low_poly_3D_model_of__0403114942_texture/Textures/Meshy_AI_Low_poly_3D_model_of__0403114942_texture_texture_1.uexp" 1294
"C:/Users/yiluy/UE - Freelance/Second_Chance_1.0/Content/Game_Assets/EnviromentTexture/Tree/Meshy_AI_Low_poly_3D_model_of__0403114942_texture/Textures/Meshy_AI_Low_poly_3D_model_of__0403114942_texture_texture_2.ubulk" 1295
"C:/Users/yiluy/UE - Freelance/Second_Chance_1.0/Content/Game_Assets/EnviromentTexture/Tree/Meshy_AI_Low_poly_3D_model_of__0403114942_texture/Textures/Meshy_AI_Low_poly_3D_model_of__0403114942_texture_texture_2.uasset" 1296
"C:/Users/yiluy/UE - Freelance/Second_Chance_1.0/Content/Game_Assets/EnviromentTexture/Tree/Meshy_AI_Low_poly_3D_model_of__0403114942_texture/Textures/Meshy_AI_Low_poly_3D_model_of__0403114942_texture_texture_2.uexp" 1297
"C:/Users/yiluy/UE - Freelance/Second_Chance_1.0/Content/Game_Assets/EnviromentTexture/Tree/Meshy_AI_Low_poly_3D_model_of__0403114942_texture/Materials/Meshy_AI_Low_poly_3D_model_of__0403114942_texture_material_0.uasset" 1298
"C:/Users/yiluy/UE - Freelance/Second_Chance_1.0/Content/Game_Assets/EnviromentTexture/Tree/Meshy_AI_Low_poly_3D_model_of__0403114942_texture/Materials/Meshy_AI_Low_poly_3D_model_of__0403114942_texture_material_0.uexp" 1299
"C:/Users/yiluy/UE - Freelance/Second_Chance_1.0/Content/Game_Assets/EnviromentTexture/Tree/Meshy_AI_Low_poly_3D_model_of__0403114942_texture/StaticMeshes/Meshy_AI_Low_poly_3D_model_of__0403114942_texture.ubulk" 1300
"C:/Users/yiluy/UE - Freelance/Second_Chance_1.0/Content/Game_Assets/EnviromentTexture/Tree/Meshy_AI_Low_poly_3D_model_of__0403114942_texture/StaticMeshes/Meshy_AI_Low_poly_3D_model_of__0403114942_texture.uasset" 1301
"C:/Users/yiluy/UE - Freelance/Second_Chance_1.0/Content/Game_Assets/EnviromentTexture/Tree/Meshy_AI_Low_poly_3D_model_of__0403114942_texture/StaticMeshes/Meshy_AI_Low_poly_3D_model_of__0403114942_texture.uexp" 1302
"C:/Users/yiluy/UE - Freelance/Second_Chance_1.0/Content/Character/DetectiveYamamoto/Texture/Detective.uasset" 1303
"C:/Users/yiluy/UE - Freelance/Second_Chance_1.0/Content/Character/DetectiveYamamoto/Texture/Detective.uexp" 1304
"C:/Users/yiluy/UE - Freelance/Second_Chance_1.0/Content/Character/DetectiveYamamoto/Sprite/Detective_Sprite_0.uasset" 1305
"C:/Users/yiluy/UE - Freelance/Second_Chance_1.0/Content/Character/DetectiveYamamoto/Sprite/Detective_Sprite_0.uexp" 1306
"C:/Users/yiluy/UE - Freelance/Second_Chance_1.0/Content/Character/DetectiveYamamoto/Sprite/Detective_Sprite_1.uasset" 1307
"C:/Users/yiluy/UE - Freelance/Second_Chance_1.0/Content/Character/DetectiveYamamoto/Sprite/Detective_Sprite_1.uexp" 1308
"C:/Users/yiluy/UE - Freelance/Second_Chance_1.0/Content/Character/DetectiveYamamoto/Sprite/Detective_Sprite_2.uasset" 1309
"C:/Users/yiluy/UE - Freelance/Second_Chance_1.0/Content/Character/DetectiveYamamoto/Sprite/Detective_Sprite_2.uexp" 1310
"C:/Users/yiluy/UE - Freelance/Second_Chance_1.0/Content/Character/DetectiveYamamoto/FB_Detective_Idle.uasset" 1311
"C:/Users/yiluy/UE - Freelance/Second_Chance_1.0/Content/Character/DetectiveYamamoto/FB_Detective_Idle.uexp" 1312
"C:/Users/yiluy/UE - Freelance/Second_Chance_1.0/Content/Core/Blueprint/Characters/DetectiveYamamoto/AS_DetectiveYamamoto.uasset" 1313
"C:/Users/yiluy/UE - Freelance/Second_Chance_1.0/Content/Core/Blueprint/Characters/DetectiveYamamoto/AS_DetectiveYamamoto.uexp" 1314
"C:/Users/yiluy/UE - Freelance/Second_Chance_1.0/Content/Core/Blueprint/Characters/DetectiveYamamoto/ABP_DetectiveYamamoto.uasset" 1315
"C:/Users/yiluy/UE - Freelance/Second_Chance_1.0/Content/Core/Blueprint/Characters/DetectiveYamamoto/ABP_DetectiveYamamoto.uexp" 1316
"C:/Users/yiluy/UE - Freelance/Second_Chance_1.0/Content/Core/Blueprint/Characters/DetectiveYamamoto/BP_NPC_DetectiveYamamoto.uasset" 1317
"C:/Users/yiluy/UE - Freelance/Second_Chance_1.0/Content/Core/Blueprint/Characters/DetectiveYamamoto/BP_NPC_DetectiveYamamoto.uexp" 1318
"C:/Users/yiluy/UE - Freelance/Second_Chance_1.0/Content/Levels/Level_PresentDay.uexp" 1319
"C:/Users/yiluy/UE - Freelance/Second_Chance_1.0/Content/Levels/Level_PresentDay.umap" 1320
"C:/Users/yiluy/UE - Freelance/Second_Chance_1.0/Content/Game_Assets/3D_Models/Meshy_AI_Two_Story_Apartment_B_0327232508_texture/Textures/Meshy_AI_Two_Story_Apartment_B_0327232508_texture_texture_0.ubulk" 1321
"C:/Users/yiluy/UE - Freelance/Second_Chance_1.0/Content/Game_Assets/3D_Models/Meshy_AI_Two_Story_Apartment_B_0327232508_texture/Textures/Meshy_AI_Two_Story_Apartment_B_0327232508_texture_texture_0.uasset" 1322
"C:/Users/yiluy/UE - Freelance/Second_Chance_1.0/Content/Game_Assets/3D_Models/Meshy_AI_Two_Story_Apartment_B_0327232508_texture/Textures/Meshy_AI_Two_Story_Apartment_B_0327232508_texture_texture_0.uexp" 1323
"C:/Users/yiluy/UE - Freelance/Second_Chance_1.0/Content/Game_Assets/3D_Models/Meshy_AI_Two_Story_Apartment_B_0327232508_texture/Textures/Meshy_AI_Two_Story_Apartment_B_0327232508_texture_texture_1.ubulk" 1324
"C:/Users/yiluy/UE - Freelance/Second_Chance_1.0/Content/Game_Assets/3D_Models/Meshy_AI_Two_Story_Apartment_B_0327232508_texture/Textures/Meshy_AI_Two_Story_Apartment_B_0327232508_texture_texture_1.uasset" 1325
"C:/Users/yiluy/UE - Freelance/Second_Chance_1.0/Content/Game_Assets/3D_Models/Meshy_AI_Two_Story_Apartment_B_0327232508_texture/Textures/Meshy_AI_Two_Story_Apartment_B_0327232508_texture_texture_1.uexp" 1326
"C:/Users/yiluy/UE - Freelance/Second_Chance_1.0/Content/Game_Assets/3D_Models/Meshy_AI_Two_Story_Apartment_B_0327232508_texture/Textures/Meshy_AI_Two_Story_Apartment_B_0327232508_texture_texture_2.ubulk" 1327
"C:/Users/yiluy/UE - Freelance/Second_Chance_1.0/Content/Game_Assets/3D_Models/Meshy_AI_Two_Story_Apartment_B_0327232508_texture/Textures/Meshy_AI_Two_Story_Apartment_B_0327232508_texture_texture_2.uasset" 1328
"C:/Users/yiluy/UE - Freelance/Second_Chance_1.0/Content/Game_Assets/3D_Models/Meshy_AI_Two_Story_Apartment_B_0327232508_texture/Textures/Meshy_AI_Two_Story_Apartment_B_0327232508_texture_texture_2.uexp" 1329
"C:/Users/yiluy/UE - Freelance/Second_Chance_1.0/Content/Game_Assets/3D_Models/Meshy_AI_Two_Story_Apartment_B_0327232508_texture/Materials/Meshy_AI_Two_Story_Apartment_B_0327232508_texture_material_0.uasset" 1330
"C:/Users/yiluy/UE - Freelance/Second_Chance_1.0/Content/Game_Assets/3D_Models/Meshy_AI_Two_Story_Apartment_B_0327232508_texture/Materials/Meshy_AI_Two_Story_Apartment_B_0327232508_texture_material_0.uexp" 1331
"C:/Users/yiluy/UE - Freelance/Second_Chance_1.0/Content/Game_Assets/3D_Models/Meshy_AI_Two_Story_Apartment_B_0327232508_texture/StaticMeshes/Meshy_AI_Two_Story_Apartment_B_0327232508_texture.ubulk" 1332
"C:/Users/yiluy/UE - Freelance/Second_Chance_1.0/Content/Game_Assets/3D_Models/Meshy_AI_Two_Story_Apartment_B_0327232508_texture/StaticMeshes/Meshy_AI_Two_Story_Apartment_B_0327232508_texture.uasset" 1333
"C:/Users/yiluy/UE - Freelance/Second_Chance_1.0/Content/Game_Assets/3D_Models/Meshy_AI_Two_Story_Apartment_B_0327232508_texture/StaticMeshes/Meshy_AI_Two_Story_Apartment_B_0327232508_texture.uexp" 1334
"C:/Users/yiluy/UE - Freelance/Second_Chance_1.0/Content/Game_Assets/EnviromentTexture/Meshy_AI_Golden_Yellow_School__0404112701_texture/Textures/Meshy_AI_Golden_Yellow_School__0404112701_texture_texture_0.ubulk" 1335
"C:/Users/yiluy/UE - Freelance/Second_Chance_1.0/Content/Game_Assets/EnviromentTexture/Meshy_AI_Golden_Yellow_School__0404112701_texture/Textures/Meshy_AI_Golden_Yellow_School__0404112701_texture_texture_0.uasset" 1336
"C:/Users/yiluy/UE - Freelance/Second_Chance_1.0/Content/Game_Assets/EnviromentTexture/Meshy_AI_Golden_Yellow_School__0404112701_texture/Textures/Meshy_AI_Golden_Yellow_School__0404112701_texture_texture_0.uexp" 1337
"C:/Users/yiluy/UE - Freelance/Second_Chance_1.0/Content/Game_Assets/EnviromentTexture/Meshy_AI_Golden_Yellow_School__0404112701_texture/Textures/Meshy_AI_Golden_Yellow_School__0404112701_texture_texture_1.ubulk" 1338
"C:/Users/yiluy/UE - Freelance/Second_Chance_1.0/Content/Game_Assets/EnviromentTexture/Meshy_AI_Golden_Yellow_School__0404112701_texture/Textures/Meshy_AI_Golden_Yellow_School__0404112701_texture_texture_1.uasset" 1339
"C:/Users/yiluy/UE - Freelance/Second_Chance_1.0/Content/Game_Assets/EnviromentTexture/Meshy_AI_Golden_Yellow_School__0404112701_texture/Textures/Meshy_AI_Golden_Yellow_School__0404112701_texture_texture_1.uexp" 1340
"C:/Users/yiluy/UE - Freelance/Second_Chance_1.0/Content/Game_Assets/EnviromentTexture/Meshy_AI_Golden_Yellow_School__0404112701_texture/Textures/Meshy_AI_Golden_Yellow_School__0404112701_texture_texture_2.ubulk" 1341
"C:/Users/yiluy/UE - Freelance/Second_Chance_1.0/Content/Game_Assets/EnviromentTexture/Meshy_AI_Golden_Yellow_School__0404112701_texture/Textures/Meshy_AI_Golden_Yellow_School__0404112701_texture_texture_2.uasset" 1342
"C:/Users/yiluy/UE - Freelance/Second_Chance_1.0/Content/Game_Assets/EnviromentTexture/Meshy_AI_Golden_Yellow_School__0404112701_texture/Textures/Meshy_AI_Golden_Yellow_School__0404112701_texture_texture_2.uexp" 1343
"C:/Users/yiluy/UE - Freelance/Second_Chance_1.0/Content/Game_Assets/EnviromentTexture/Meshy_AI_Golden_Yellow_School__0404112701_texture/Materials/Meshy_AI_Golden_Yellow_School__0404112701_texture_material_0.uasset" 1344
"C:/Users/yiluy/UE - Freelance/Second_Chance_1.0/Content/Game_Assets/EnviromentTexture/Meshy_AI_Golden_Yellow_School__0404112701_texture/Materials/Meshy_AI_Golden_Yellow_School__0404112701_texture_material_0.uexp" 1345
"C:/Users/yiluy/UE - Freelance/Second_Chance_1.0/Content/Game_Assets/EnviromentTexture/Meshy_AI_Golden_Yellow_School__0404112701_texture/StaticMeshes/Meshy_AI_Golden_Yellow_School__0404112701_texture.ubulk" 1346
"C:/Users/yiluy/UE - Freelance/Second_Chance_1.0/Content/Game_Assets/EnviromentTexture/Meshy_AI_Golden_Yellow_School__0404112701_texture/StaticMeshes/Meshy_AI_Golden_Yellow_School__0404112701_texture.uasset" 1347
"C:/Users/yiluy/UE - Freelance/Second_Chance_1.0/Content/Game_Assets/EnviromentTexture/Meshy_AI_Golden_Yellow_School__0404112701_texture/StaticMeshes/Meshy_AI_Golden_Yellow_School__0404112701_texture.uexp" 1348
"C:/Users/yiluy/UE - Freelance/Second_Chance_1.0/Content/Game_Assets/EnviromentTexture/Tree/textures/sakura_bark_diff_4k.ubulk" 1349
"C:/Users/yiluy/UE - Freelance/Second_Chance_1.0/Content/Game_Assets/EnviromentTexture/Tree/textures/sakura_bark_diff_4k.uasset" 1350
"C:/Users/yiluy/UE - Freelance/Second_Chance_1.0/Content/Game_Assets/EnviromentTexture/Tree/textures/sakura_bark_diff_4k.uexp" 1351
"C:/Users/yiluy/UE - Freelance/Second_Chance_1.0/Content/Game_Assets/EnviromentTexture/Tree/textures/sakura_bark_diff_4k_Mat.uasset" 1352
"C:/Users/yiluy/UE - Freelance/Second_Chance_1.0/Content/Game_Assets/EnviromentTexture/Tree/textures/sakura_bark_diff_4k_Mat.uexp" 1353
"C:/Users/yiluy/UE - Freelance/Second_Chance_1.0/Content/Character/Mother/Texture/Mother.uasset" 1354
"C:/Users/yiluy/UE - Freelance/Second_Chance_1.0/Content/Character/Mother/Texture/Mother.uexp" 1355
"C:/Users/yiluy/UE - Freelance/Second_Chance_1.0/Content/Character/Mother/Sprite/Mother_Sprite_0.uasset" 1356
"C:/Users/yiluy/UE - Freelance/Second_Chance_1.0/Content/Character/Mother/Sprite/Mother_Sprite_0.uexp" 1357
"C:/Users/yiluy/UE - Freelance/Second_Chance_1.0/Content/Character/Mother/Sprite/Mother_Sprite_1.uasset" 1358
"C:/Users/yiluy/UE - Freelance/Second_Chance_1.0/Content/Character/Mother/Sprite/Mother_Sprite_1.uexp" 1359
"C:/Users/yiluy/UE - Freelance/Second_Chance_1.0/Content/Character/Mother/Sprite/Mother_Sprite_2.uasset" 1360
"C:/Users/yiluy/UE - Freelance/Second_Chance_1.0/Content/Character/Mother/Sprite/Mother_Sprite_2.uexp" 1361
"C:/Users/yiluy/UE - Freelance/Second_Chance_1.0/Content/Character/Mother/FB_Mother_Idle.uasset" 1362
"C:/Users/yiluy/UE - Freelance/Second_Chance_1.0/Content/Character/Mother/FB_Mother_Idle.uexp" 1363
"C:/Users/yiluy/UE - Freelance/Second_Chance_1.0/Content/Core/Blueprint/Characters/Mother/AS_Mother.uasset" 1364
"C:/Users/yiluy/UE - Freelance/Second_Chance_1.0/Content/Core/Blueprint/Characters/Mother/AS_Mother.uexp" 1365
"C:/Users/yiluy/UE - Freelance/Second_Chance_1.0/Content/Core/Blueprint/Characters/Mother/ABP_Mother.uasset" 1366
"C:/Users/yiluy/UE - Freelance/Second_Chance_1.0/Content/Core/Blueprint/Characters/Mother/ABP_Mother.uexp" 1367
"C:/Users/yiluy/UE - Freelance/Second_Chance_1.0/Content/Core/Blueprint/Characters/Mother/BPC_Mother.uasset" 1368
"C:/Users/yiluy/UE - Freelance/Second_Chance_1.0/Content/Core/Blueprint/Characters/Mother/BPC_Mother.uexp" 1369
"C:/Users/yiluy/UE - Freelance/Second_Chance_1.0/Content/Core/Blueprint/Characters/Mina/BPC_Mina.uasset" 1370
"C:/Users/yiluy/UE - Freelance/Second_Chance_1.0/Content/Core/Blueprint/Characters/Mina/BPC_Mina.uexp" 1371
"C:/Users/yiluy/UE - Freelance/Second_Chance_1.0/Content/Levels/Level_2008_Childhood.uexp" 1372
"C:/Users/yiluy/UE - Freelance/Second_Chance_1.0/Content/Levels/Level_2008_Childhood.umap" 1373
"C:/Users/yiluy/UE - Freelance/Second_Chance_1.0/Content/Game_Assets/EnviromentTexture/Meshy_AI_A_3D_model_of_a_vinta_0404115736_texture/Textures/Meshy_AI_A_3D_model_of_a_vinta_0404115736_texture_texture_0.ubulk" 1374
"C:/Users/yiluy/UE - Freelance/Second_Chance_1.0/Content/Game_Assets/EnviromentTexture/Meshy_AI_A_3D_model_of_a_vinta_0404115736_texture/Textures/Meshy_AI_A_3D_model_of_a_vinta_0404115736_texture_texture_0.uasset" 1375
"C:/Users/yiluy/UE - Freelance/Second_Chance_1.0/Content/Game_Assets/EnviromentTexture/Meshy_AI_A_3D_model_of_a_vinta_0404115736_texture/Textures/Meshy_AI_A_3D_model_of_a_vinta_0404115736_texture_texture_0.uexp" 1376
"C:/Users/yiluy/UE - Freelance/Second_Chance_1.0/Content/Game_Assets/EnviromentTexture/Meshy_AI_A_3D_model_of_a_vinta_0404115736_texture/Textures/Meshy_AI_A_3D_model_of_a_vinta_0404115736_texture_texture_1.ubulk" 1377
"C:/Users/yiluy/UE - Freelance/Second_Chance_1.0/Content/Game_Assets/EnviromentTexture/Meshy_AI_A_3D_model_of_a_vinta_0404115736_texture/Textures/Meshy_AI_A_3D_model_of_a_vinta_0404115736_texture_texture_1.uasset" 1378
"C:/Users/yiluy/UE - Freelance/Second_Chance_1.0/Content/Game_Assets/EnviromentTexture/Meshy_AI_A_3D_model_of_a_vinta_0404115736_texture/Textures/Meshy_AI_A_3D_model_of_a_vinta_0404115736_texture_texture_1.uexp" 1379
"C:/Users/yiluy/UE - Freelance/Second_Chance_1.0/Content/Game_Assets/EnviromentTexture/Meshy_AI_A_3D_model_of_a_vinta_0404115736_texture/Textures/Meshy_AI_A_3D_model_of_a_vinta_0404115736_texture_texture_2.ubulk" 1380
"C:/Users/yiluy/UE - Freelance/Second_Chance_1.0/Content/Game_Assets/EnviromentTexture/Meshy_AI_A_3D_model_of_a_vinta_0404115736_texture/Textures/Meshy_AI_A_3D_model_of_a_vinta_0404115736_texture_texture_2.uasset" 1381
"C:/Users/yiluy/UE - Freelance/Second_Chance_1.0/Content/Game_Assets/EnviromentTexture/Meshy_AI_A_3D_model_of_a_vinta_0404115736_texture/Textures/Meshy_AI_A_3D_model_of_a_vinta_0404115736_texture_texture_2.uexp" 1382
"C:/Users/yiluy/UE - Freelance/Second_Chance_1.0/Content/Game_Assets/EnviromentTexture/Meshy_AI_A_3D_model_of_a_vinta_0404115736_texture/Materials/Meshy_AI_A_3D_model_of_a_vinta_0404115736_texture_material_0.uasset" 1383
"C:/Users/yiluy/UE - Freelance/Second_Chance_1.0/Content/Game_Assets/EnviromentTexture/Meshy_AI_A_3D_model_of_a_vinta_0404115736_texture/Materials/Meshy_AI_A_3D_model_of_a_vinta_0404115736_texture_material_0.uexp" 1384
"C:/Users/yiluy/UE - Freelance/Second_Chance_1.0/Content/Game_Assets/EnviromentTexture/Meshy_AI_A_3D_model_of_a_vinta_0404115736_texture/StaticMeshes/Meshy_AI_A_3D_model_of_a_vinta_0404115736_texture.ubulk" 1385
"C:/Users/yiluy/UE - Freelance/Second_Chance_1.0/Content/Game_Assets/EnviromentTexture/Meshy_AI_A_3D_model_of_a_vinta_0404115736_texture/StaticMeshes/Meshy_AI_A_3D_model_of_a_vinta_0404115736_texture.uasset" 1386
"C:/Users/yiluy/UE - Freelance/Second_Chance_1.0/Content/Game_Assets/EnviromentTexture/Meshy_AI_A_3D_model_of_a_vinta_0404115736_texture/StaticMeshes/Meshy_AI_A_3D_model_of_a_vinta_0404115736_texture.uexp" 1387
"C:/Users/yiluy/UE - Freelance/Second_Chance_1.0/Content/Game_Assets/Classroom/laminate_floor_03_4k/laminate_floor_03_4k/Textures/laminate_floor_03_diff_8k.ubulk" 1388
"C:/Users/yiluy/UE - Freelance/Second_Chance_1.0/Content/Game_Assets/Classroom/laminate_floor_03_4k/laminate_floor_03_4k/Textures/laminate_floor_03_diff_8k.uasset" 1389
"C:/Users/yiluy/UE - Freelance/Second_Chance_1.0/Content/Game_Assets/Classroom/laminate_floor_03_4k/laminate_floor_03_4k/Textures/laminate_floor_03_diff_8k.uexp" 1390
"C:/Users/yiluy/UE - Freelance/Second_Chance_1.0/Content/Game_Assets/Classroom/laminate_floor_03_4k/laminate_floor_03_4k/Textures/laminate_floor_03_nor_gl_8k.ubulk" 1391
"C:/Users/yiluy/UE - Freelance/Second_Chance_1.0/Content/Game_Assets/Classroom/laminate_floor_03_4k/laminate_floor_03_4k/Textures/laminate_floor_03_nor_gl_8k.uasset" 1392
"C:/Users/yiluy/UE - Freelance/Second_Chance_1.0/Content/Game_Assets/Classroom/laminate_floor_03_4k/laminate_floor_03_4k/Textures/laminate_floor_03_nor_gl_8k.uexp" 1393
"C:/Users/yiluy/UE - Freelance/Second_Chance_1.0/Content/Game_Assets/Classroom/laminate_floor_03_4k/laminate_floor_03_4k/Textures/laminate_floor_03_rough_8k.ubulk" 1394
"C:/Users/yiluy/UE - Freelance/Second_Chance_1.0/Content/Game_Assets/Classroom/laminate_floor_03_4k/laminate_floor_03_4k/Textures/laminate_floor_03_rough_8k.uasset" 1395
"C:/Users/yiluy/UE - Freelance/Second_Chance_1.0/Content/Game_Assets/Classroom/laminate_floor_03_4k/laminate_floor_03_4k/Textures/laminate_floor_03_rough_8k.uexp" 1396
"C:/Users/yiluy/UE - Freelance/Second_Chance_1.0/Content/Game_Assets/Classroom/laminate_floor_03_4k/laminate_floor_03_4k/Materials/laminate_floor_03.uasset" 1397
"C:/Users/yiluy/UE - Freelance/Second_Chance_1.0/Content/Game_Assets/Classroom/laminate_floor_03_4k/laminate_floor_03_4k/Materials/laminate_floor_03.uexp" 1398
"C:/Users/yiluy/UE - Freelance/Second_Chance_1.0/Content/Game_Assets/Classroom/Floor_Wall/concrete_floor_worn_001_4k/concrete_floor_worn_001_4k/Textures/concrete_floor_worn_001_diff_16k.ubulk" 1399
"C:/Users/yiluy/UE - Freelance/Second_Chance_1.0/Content/Game_Assets/Classroom/Floor_Wall/concrete_floor_worn_001_4k/concrete_floor_worn_001_4k/Textures/concrete_floor_worn_001_diff_16k.uasset" 1400
"C:/Users/yiluy/UE - Freelance/Second_Chance_1.0/Content/Game_Assets/Classroom/Floor_Wall/concrete_floor_worn_001_4k/concrete_floor_worn_001_4k/Textures/concrete_floor_worn_001_diff_16k.uexp" 1401
"C:/Users/yiluy/UE - Freelance/Second_Chance_1.0/Content/Game_Assets/Classroom/Floor_Wall/concrete_floor_worn_001_4k/concrete_floor_worn_001_4k/Textures/concrete_floor_worn_001_nor_gl_16k.ubulk" 1402
"C:/Users/yiluy/UE - Freelance/Second_Chance_1.0/Content/Game_Assets/Classroom/Floor_Wall/concrete_floor_worn_001_4k/concrete_floor_worn_001_4k/Textures/concrete_floor_worn_001_nor_gl_16k.uasset" 1403
"C:/Users/yiluy/UE - Freelance/Second_Chance_1.0/Content/Game_Assets/Classroom/Floor_Wall/concrete_floor_worn_001_4k/concrete_floor_worn_001_4k/Textures/concrete_floor_worn_001_nor_gl_16k.uexp" 1404
"C:/Users/yiluy/UE - Freelance/Second_Chance_1.0/Content/Game_Assets/Classroom/Floor_Wall/concrete_floor_worn_001_4k/concrete_floor_worn_001_4k/Textures/concrete_floor_worn_001_rough_16k.ubulk" 1405
"C:/Users/yiluy/UE - Freelance/Second_Chance_1.0/Content/Game_Assets/Classroom/Floor_Wall/concrete_floor_worn_001_4k/concrete_floor_worn_001_4k/Textures/concrete_floor_worn_001_rough_16k.uasset" 1406
"C:/Users/yiluy/UE - Freelance/Second_Chance_1.0/Content/Game_Assets/Classroom/Floor_Wall/concrete_floor_worn_001_4k/concrete_floor_worn_001_4k/Textures/concrete_floor_worn_001_rough_16k.uexp" 1407
"C:/Users/yiluy/UE - Freelance/Second_Chance_1.0/Content/Game_Assets/Classroom/Floor_Wall/concrete_floor_worn_001_4k/concrete_floor_worn_001_4k/Materials/concrete_floor_worn_001.uasset" 1408
"C:/Users/yiluy/UE - Freelance/Second_Chance_1.0/Content/Game_Assets/Classroom/Floor_Wall/concrete_floor_worn_001_4k/concrete_floor_worn_001_4k/Materials/concrete_floor_worn_001.uexp" 1409
"C:/Users/yiluy/UE - Freelance/Second_Chance_1.0/Content/Character/MrKael/Texture/Kael.uasset" 1410
"C:/Users/yiluy/UE - Freelance/Second_Chance_1.0/Content/Character/MrKael/Texture/Kael.uexp" 1411
"C:/Users/yiluy/UE - Freelance/Second_Chance_1.0/Content/Character/MrKael/Sprite/Kael_Sprite_0.uasset" 1412
"C:/Users/yiluy/UE - Freelance/Second_Chance_1.0/Content/Character/MrKael/Sprite/Kael_Sprite_0.uexp" 1413
"C:/Users/yiluy/UE - Freelance/Second_Chance_1.0/Content/Character/MrKael/Sprite/Kael_Sprite_1.uasset" 1414
"C:/Users/yiluy/UE - Freelance/Second_Chance_1.0/Content/Character/MrKael/Sprite/Kael_Sprite_1.uexp" 1415
"C:/Users/yiluy/UE - Freelance/Second_Chance_1.0/Content/Character/MrKael/Sprite/Kael_Sprite_2.uasset" 1416
"C:/Users/yiluy/UE - Freelance/Second_Chance_1.0/Content/Character/MrKael/Sprite/Kael_Sprite_2.uexp" 1417
"C:/Users/yiluy/UE - Freelance/Second_Chance_1.0/Content/Character/MrKael/FB_MrKael_Idle.uasset" 1418
"C:/Users/yiluy/UE - Freelance/Second_Chance_1.0/Content/Character/MrKael/FB_MrKael_Idle.uexp" 1419
"C:/Users/yiluy/UE - Freelance/Second_Chance_1.0/Content/Core/Blueprint/Characters/Mr_Kael/AS_MrKael.uasset" 1420
"C:/Users/yiluy/UE - Freelance/Second_Chance_1.0/Content/Core/Blueprint/Characters/Mr_Kael/AS_MrKael.uexp" 1421
"C:/Users/yiluy/UE - Freelance/Second_Chance_1.0/Content/Core/Blueprint/Characters/Mr_Kael/ABP_MrKael.uasset" 1422
"C:/Users/yiluy/UE - Freelance/Second_Chance_1.0/Content/Core/Blueprint/Characters/Mr_Kael/ABP_MrKael.uexp" 1423
"C:/Users/yiluy/UE - Freelance/Second_Chance_1.0/Content/Core/Blueprint/Characters/Mr_Kael/BPC_Kael.uasset" 1424
"C:/Users/yiluy/UE - Freelance/Second_Chance_1.0/Content/Core/Blueprint/Characters/Mr_Kael/BPC_Kael.uexp" 1425
"C:/Users/yiluy/UE - Freelance/Second_Chance_1.0/Content/Levels/Classroom.uexp" 1426
"C:/Users/yiluy/UE - Freelance/Second_Chance_1.0/Content/Levels/Classroom.umap" 1427
